state,1929,1930,1931,1932,1933,1934,1935,1936,1937,1938,1939,1940,1941,1942,1943,1944,1945,1946,1947,1948,1949,1950,1951,1952,1953,1954,1955,1956,1957,1958,1959,1960,1961,1962,1963,1964,1965,1966,1967,1968,1969,1970,1971,1972,1973,1974,1975,1976,1977,1978,1979,1980,1981,1982,1983,1984,1985,1986,1987,1988,1989,1990,1991,1992,1993,1994,1995,1996,1997,1998,1999,2000,2001,2002,2003,2004,2005,2006,2007,2008,2009,2010,2011,2012,2013,2014,2015,2016,2017,2018,2019
Alabama,843.2,697.5,583.7,421.9,435.6,556.3,586.9,683.2,733.7,673.8,705.5,800,1100.6,1568.6,1950.6,2107.4,2214.3,2218.1,2382.4,2617,2513.4,2811.3,3277.2,3487,3642.8,3516.5,3980.3,4269.9,4538.5,4732.8,4977,5188.3,5360.1,5634.1,5984.1,6497.6,7052.4,7563.9,7991.8,8737.5,9737.7,10628.3,11699.3,12999.1,14638.9,16241.1,18100.1,20324.1,22394.9,25339.9,28151.4,31037.1,34465.5,36396.1,38970.5,42870.2,46098.7,48790.3,51652,55558.8,60395.7,64239.8,67929.9,73039.8,76398,80848.4,85473.6,89350,93981.4,99953.3,103453.1,108355.1,112154.9,115191.8,120211.1,128739.9,136327.3,145175.8,152327,157366.8,155145.3,161516.6,167942.8,172804.1,174415.4,180457.7,188711.4,192281.9,199999.8,208752.7,216449
Alaska,(NA),(NA),(NA),(NA),(NA),(NA),(NA),(NA),(NA),(NA),(NA),(NA),(NA),(NA),(NA),(NA),(NA),(NA),(NA),(NA),(NA),391.4,537.4,615.2,649.6,629.3,640.7,676.8,669.3,672.2,700.3,806.3,796.5,831,900.7,1008.6,1088.5,1158.7,1263.6,1365.1,1575.3,1799,1984.1,2166.8,2507.7,3042.6,4156.8,4893.3,5081.9,5235.9,5546.8,6285,7152.3,8733.4,9513.5,10120.6,10965.8,11065.6,10618.1,11067.6,12110.5,12843.3,13405.1,14270.7,15007.3,15513.1,15955.8,16403,17276.6,18114.5,18675.7,20078.7,21240.4,22246.5,23239.6,24338.3,25956.9,27726.7,29838.9,32825.1,32896.4,35293.8,37827.8,39169.2,38859.5,41110.4,42505.8,41745.6,42454.4,44369.6,45945.1
Arizona,257.3,224.7,184.5,137,131.8,154.9,180.4,204.8,229,223.3,237.8,252.6,319.5,505.1,690.5,665,679.4,698.9,781.6,934.5,958.7,1064.4,1316.8,1497.6,1590,1647.7,1809.3,2039.6,2232.1,2372.2,2618.3,2855.8,3109.9,3349.8,3521.6,3777.1,4003.8,4359.7,4739.3,5437.3,6327.1,7216.1,8255.6,9464.6,10934.2,12336.1,13317.8,14813.2,16646.8,19559.6,22986.6,26477.6,30247.1,32197.4,35452.6,40055.6,44570.3,48739.4,52518.4,56718.4,60862.5,63821,67174.6,71692.1,77041,84343.7,91989.4,99707.6,108023.1,118057.6,124654.4,135387.5,141344.5,146505.2,155175,169638.7,188136.5,209127,220735.9,223345.8,211975.3,215523.6,226365.3,236846.1,242856,257410.4,271258,283199.3,300007.5,319226.3,335243.1
Arkansas,560.4,416.5,381.8,278.5,283.2,341.8,386,460.2,481.6,439.1,479.1,502,676.3,973.7,1051.3,1236.4,1324.1,1371.6,1357.5,1607.5,1508.8,1620.7,1843.6,1917.2,1929.4,1908.2,2073.9,2149.6,2218.9,2311.1,2522.3,2548,2771.6,2965.6,3142.2,3412.3,3602.1,4004.8,4254.3,4600.9,5128.5,5626.5,6263.1,7071.2,8376.1,9353.5,10292.1,11378.9,12661.8,14668.8,16088,17388.3,19702.6,20702.3,21934.8,24458.4,25982.3,27303.7,28434.8,30505.9,32721.2,34457.5,36459.1,39714.4,41648.4,44288.6,47164.7,50047.9,52508,55736.1,57973.4,60969.9,64168.1,65661.6,69547.4,74033,78000.3,83068.2,88508.3,91812.1,90246,93290.5,99571.5,106984.7,107240.7,113545.5,117671.8,120748.2,125025.7,130397.5,134682.7
California,5495.5,5079.4,4387.5,3441.4,3277.3,3666.5,4107.3,4923.2,5231.8,5188.3,5362,5947.6,7519.7,10344.7,13700.6,14963.9,15585,16590.5,17086,18274.5,18601.7,20788.1,24117.2,26794.1,28728.1,29603.7,32550,35615.7,38269.5,40252.4,44031.4,46521.1,49266.6,53085.5,56740.1,61404.6,65617.5,71356,76731.6,84055.7,92160,99417.5,105987.2,116351.1,127777.3,142507.4,157639.9,174924.8,194032.9,220640.1,250173.9,284308,319557.2,342342.5,369808.8,410796.4,444066.9,476682.2,513377.1,558041.1,600755.1,643684.9,665992.6,702449.1,719731,742429.1,780642.8,829666.6,882677.3,959949.7,1026419.3,1133965.4,1173768.8,1193118,1248506.5,1329404,1407285.5,1516057.5,1581573.3,1606579.9,1554013.3,1628457.6,1737940,1852397.5,1886376.6,2021035.6,2172930.2,2273557.5,2383130.5,2514503.4,2632279.8
Colorado,635.6,596.8,498.5,380.3,378.4,399.5,480,590.4,589.5,564.5,581.4,619.7,736,1038.5,1228.2,1221.3,1350.2,1472.3,1695.8,1880.6,1914.6,2098.9,2493.8,2692.5,2725.8,2808.7,3059.7,3376,3699.1,3787.1,4068,4353.4,4683.9,4942.1,5174.4,5474.2,5840.6,6275.8,6763.5,7502.7,8438.8,9540.2,10759.7,12176.1,13923.1,15609.2,17249.7,18981.3,21174.2,24413.5,27979.3,32050.8,36882.9,40505.9,43694.2,47644.6,50483.6,52445.7,54400,57556.6,62010.1,65667.2,69601.9,75599.1,81812.1,87983.8,95648.8,103235.8,111207.8,123101.2,133020.5,147924.9,154999.8,155404.1,158210.9,164106,175273,189475.6,201875.5,208738,198800.2,205372.4,223153.2,237141.5,249281.6,271307.5,284819.6,290669.6,312045.5,335195.8,352184.7
Connecticut,1640.5,1494.7,1313.1,1026.9,970.3,1091.2,1191,1362.2,1459.3,1312,1436.6,1589.7,2029.9,2588.3,2912.4,2921.7,2837.5,3058,3387.8,3508.9,3417.3,3867.6,4444.2,4860.8,5269.9,5373.8,5787.9,6323.5,6744.3,6538,6986.9,7276.1,7701.7,8227.2,8691.1,9334.8,10038.6,11023.5,12086.4,12828.8,14692.5,15673.8,16514.4,17804.7,19393.4,21157.2,22725.5,24536.4,27032.7,30080.9,33813.6,38493.9,43243,46701.3,49958.2,55880.7,60000,64553.3,70443.3,77668.2,84249,86889.1,87815.8,94269.3,97347.6,100108.3,105642.5,110746.3,117991.8,127327.7,134415.3,147054.8,155243.1,155347.9,157679.4,166262,175470.6,189750.4,204090.2,216865.3,213612.1,222226,228929.4,233337.8,228472.2,239001.1,245244,250178.6,256348.8,267346.2,275556.8
Delaware,243.4,205.1,187.7,144.9,140.4,161.8,177.9,220.5,242.7,205.9,238.6,279.2,325.4,368.6,419,437.2,443.9,473.7,513,523.9,570,668.2,717.7,770.1,825,857,988.9,1141.3,1149,1181,1231.6,1290.1,1331.2,1413.5,1516.7,1641.2,1805.7,1902.6,2030.6,2215.2,2441.2,2599.9,2844.1,3124.9,3462.3,3747.1,4029.2,4404,4741.1,5201.6,5716.9,6430.5,7094.1,7634.1,8131.6,8972.5,9733.8,10356.8,11194.2,12256.4,13630.7,14367.1,15196.3,15854.3,16466.8,17165.3,18172,19433.9,20342.3,22502.3,24170.2,26663.8,29402.4,30386.8,31094.6,32376.7,33303.1,35265.5,36340.6,35993.2,36284.2,36725.7,39825.6,40338.4,40949.5,42888.3,45196.4,46341.8,48604.3,51103.1,53055.3
D.C,639.3,641.4,631.7,567.9,500.2,547.2,626.8,719,745.7,728.4,766.2,842.4,971.3,1247,1447.6,1439.3,1516.9,1630.7,1639.5,1780.6,1844.8,1956.5,2058.2,2167.7,2105.1,2073.5,2058.8,2155.8,2242.3,2291.8,2363.4,2390.4,2517.4,2709.2,2876.7,3054.2,3290.8,3436.4,3682,3865.3,3763.5,4174.4,4647,5043.5,5316.1,5768.7,6274.7,6648.1,7137.5,7604.4,8003,8447.4,9094.1,9694.1,10192.7,11126.3,11781.5,12399.3,13078.7,14309.8,15152.5,15818.1,16536.8,17369.3,18066.7,18484.6,18621.1,19387.3,20290.5,21533.7,22559.3,24794.5,25677.5,25869.8,26177.8,28501.7,30163.9,32001.1,34480.2,35462.3,35798.8,38481.5,41786.3,43426.9,44189.2,47259.7,50963.6,53375.8,55051.1,56995.8,58864
Florida,749.9,688,592.6,482.4,448.4,551.8,610.4,748.6,838.9,825,920.9,1017.7,1285.6,1832.7,2639.7,2934.7,3054.8,2967.4,3034.8,3197.7,3324.5,3795.2,4292.7,4857.7,5416.5,5707.6,6529.9,7566.1,8374.5,9106.1,10053.2,10531.6,11165.4,12055.9,12938.9,14155.4,15473.4,16975.6,18771.7,21580.6,25004.9,28276.2,31756.4,36550,42578.3,47883.1,52167.9,57012.4,63844.3,73633.3,84660.2,99826.8,115731.2,125053.4,138093.1,153887.6,168327.4,182124,197185.2,216604.8,241142.9,257571.4,268375.2,284266,301392.6,317674.9,341583.5,363906.8,385402,415875.5,436186.1,472238.6,496337.2,512812.5,539102.8,586785,642506.7,698476,727404.7,727138.5,682891.7,725074,764633.7,793428.8,795425,856161.8,914928.4,949718,1016819,1082702.2,1125984
Georgia,995.6,881.8,741.9,578.8,595.6,715.2,789.8,893.7,948.2,891.6,961.3,1053.4,1376.6,1904.8,2431.1,2693,2775.9,2791.3,2929.8,3250.2,3269.3,3760.2,4380,4738.1,4869.7,4866.2,5362.8,5743.2,5951.1,6203.9,6610.9,6917.5,7221.3,7768.2,8445.3,9145.3,10099.4,11143.6,12120.4,13381.4,14980.1,16310.4,18009.7,20206.1,22848.2,25067.8,27084.3,30146.6,33332.1,37819,42321.3,47192.8,53458.8,57866.8,63379.5,71862.6,78685.5,85846.4,92434.1,100796.7,108619.3,116149.9,121895,131979,140173.3,150942,162948.3,176085.7,187547.9,205702.4,219456.6,237444.9,249221.1,256188.8,265611.9,280262,297505.6,317584.3,332135.8,334334.5,327516.3,335268.4,358538.6,368868.1,374489.2,400696.1,425498.4,441905.5,467359.4,493575.9,512137.9
Hawaii,(NA),(NA),(NA),(NA),(NA),(NA),(NA),(NA),(NA),(NA),(NA),(NA),(NA),(NA),(NA),(NA),(NA),(NA),(NA),(NA),(NA),788.4,923.4,1017.9,1054.8,1063.6,1113.6,1167.5,1238.2,1283.1,1424.5,1615.3,1753.7,1881,2011,2187.7,2402.3,2608.3,2830.6,3183.8,3643.2,4224.9,4584.1,5047.8,5592.6,6360.7,6919,7465.9,8084,8953.9,10042.8,11483.9,12434.1,13166.2,14443.3,15472.6,16452.5,17458.1,18618.7,20477.5,22873.6,24979.1,26432.9,28434.5,29476.5,30163.7,30864,30894.9,31907.5,32531.1,33657.5,35682,37204,38954.8,40791,43977.4,47306.3,50701.1,53423.1,56059.9,55690,57179.1,60044.6,62455.9,63316.6,66846.1,70376.2,73048,76109.6,78436.1,80726.5
Idaho,223.2,218.2,166.3,122.9,105.8,183.8,189.4,230.7,213.5,216.2,224.6,239.4,298,442,519.1,570.5,560.6,612.4,664.4,745,739.2,797.5,902.3,993.7,950.9,967.5,1020.3,1125.5,1192.5,1215.8,1286.9,1316.1,1391.9,1487.9,1523,1574.8,1793.8,1817.3,1931.8,2065.1,2391,2647.7,2894.2,3304.3,3820.5,4497.4,4866.7,5436.2,5942.3,6829.9,7469.2,8394.9,9237.6,9699.6,10599.5,11294.3,11932.8,12177.2,12724.4,13765.7,15146.9,16352.3,17190.9,18904.8,20720.8,22179.4,23842.7,25334.9,26420.1,28573.4,30346.2,32791.1,34062.2,35180.4,36402.6,39244.7,41843.2,46161.3,49123,50205.4,48477,50196.6,53082.6,56139.8,58338.3,61827.3,65683.4,68248.4,72605,77992.6,82148.4
Illinois,7229.8,6190.9,5171.8,3783,3422.7,3949.2,4494.9,5127.6,5764.7,5130.7,5599,5990.9,7200.9,8445.1,9923.5,10842.5,11327.7,12653.1,13776.2,15540.3,14654.6,16097,17938.6,18859.6,20149.7,20293,21584.8,23564.1,24576,24822.7,26350.3,27209.6,28282.1,29885.2,31095.6,33241.2,36068.1,39098.5,41606.1,44581.8,48484.5,51524.3,55317.4,60029.9,66967.7,73216.4,79866.3,86832.3,95459.7,105341.7,115569.5,125211,138877,147011.7,153020,168717.1,177209.8,186405.5,197183,212642.7,226917.2,240801.3,245871.9,265737,275362.6,290054.7,307809.3,327552.9,346339.1,367350.2,383422.7,412423.1,427473.3,432412,439954.7,457435.4,476560.1,508470.3,538060.1,551531,525210.7,540492.6,567967.5,593239.1,607671.4,637280,665490.1,672019.9,693273.7,727064.1,744640.7
Indiana,1950.4,1660.6,1415.9,1012,971,1186.3,1397.6,1610.8,1842.5,1598.2,1764.1,1896.5,2527.6,3229.8,3961.4,4151.9,4329.2,4485.2,4972.3,5615.7,5372.2,6049.3,7042.7,7409.1,8162.9,7716.8,8323.8,8965.1,9265.6,9272.1,9874.6,10390.3,10707.1,11464.2,12042.8,12816.9,14162.1,15287.6,16017.2,17412.5,19238.3,20028.7,21793.7,23846.5,27368.4,29274.3,31607.5,35131.6,38900.9,43398.4,47805.7,51418.7,56407,58429.3,61276.5,68009.3,71812.8,75637.2,80257.5,85926.1,93580.9,98748.8,101775.1,110147.9,116112.4,123384.2,129005.6,136363.5,143496.3,154850.9,161356.5,171989.7,175850.8,178418.2,182652.3,191298.3,197696.8,209427.5,216814.3,226332.7,220274.8,230109.2,245346.4,257149.5,260424.4,270985.7,281848.5,289731.4,301238.3,316836.5,327712.5
Iowa,1404,1239.1,983.4,728.9,629.6,680.8,1054.6,981.2,1282.6,1124,1180.3,1253.6,1502.5,2022.5,2387.3,2303.5,2521.5,3053.2,3039.2,4122.7,3510.7,4039.1,4311.3,4576.2,4406.3,4765.6,4542.5,4821,5347.6,5463.3,5602.3,5745.1,6083.8,6344.5,6744.2,7059.4,7818.4,8513.1,8671.5,9347.1,10374,11095,11641.6,13040.1,15654.8,16225,18133.7,19280.3,21275.3,24537.2,26298.4,27993.7,31681,32544.4,33149.5,36944.1,38216.3,39480.3,41377.4,42759.8,46555,49023.1,50144.7,53791.9,54052.6,58946.2,61328.6,66840.9,69956.1,73327.4,75330.9,80442.4,82725.1,84646.8,86452,93511.3,96563.6,102580.1,109889.6,116255.8,112628,116247.4,125560.5,131984.2,134463.5,139303.3,144493.6,145756.4,149732.3,157980.9,163638.6
Kansas,982.6,866.3,741.6,502.8,470.6,537.6,674.3,722.6,792.9,705.8,697.1,759.8,983.1,1521.8,1913.6,2083.8,2027.5,2058.7,2413.5,2554.7,2530.1,2838.3,3162.4,3684.6,3547.6,3755.2,3768.4,3964.2,4184.7,4593.4,4642.2,4827.1,5039.4,5244,5364.4,5649.7,6024,6452.3,6755.7,7360.3,8194.8,8892.7,9654.2,10763.3,12266.3,13262,14487.6,15746.2,17182.1,19014.3,21715,23869.2,27049.2,29326.8,30539.5,33517.6,35255.4,36958.6,38647.9,40703.6,43110.2,45751.2,47309.6,50940.2,53311.9,55736.3,58129.3,61934.2,65771.1,69809.1,72144.4,76079.4,78574.4,79239.8,81485.8,83847.1,88707.3,97937.9,105257.1,114543.3,110724.2,113077.3,122562,130182,132978.6,135975.9,137721.2,137945.1,142185.7,149239,155647.6
Kentucky,1010.8,844.7,760.9,558.2,549.9,630.7,726.4,810.9,943,828.2,860.9,919.3,1142,1548,1928.7,2035.5,2121.4,2302.8,2438,2819.3,2679.5,2931.5,3445.5,3666.3,3852.6,3803.4,3981,4206.9,4416.1,4623.2,4862.6,5022,5346,5677.8,5967.9,6225.5,6749.6,7379.4,7987.6,8731.4,9711.7,10534.8,11466.1,12679.8,14252.5,16052.2,17479.2,19544.4,21933.9,24444,27454.7,29871.6,33237.7,35402,36755,41062,42815.5,44019,46497.3,50573.3,54363.7,57673.4,60843.2,65547.3,68128.2,71608.3,75054.4,79620.5,84542.1,89546.1,93441.3,100796.5,104181.5,106570.5,109617.3,116046.7,121757.8,128867.4,134575.8,140523.4,138823.4,144103.3,151299.9,156827.6,158218.4,165914.7,173495.8,176435.1,182116,188876.8,195548.8
Louisiana,852.8,743.1,670,513.1,491.7,579.8,644.1,737.5,795.3,793.9,838.6,864.6,1162.5,1567.9,2075.7,2221,2190.5,2146.8,2294.1,2656.4,2849.8,3053.3,3416.7,3721.2,3937,3933.7,4181.6,4644.1,5139.8,5266.4,5503.4,5591.2,5818.6,6157.8,6563.6,7016.3,7601.8,8410.3,9225.3,10105.6,10765.9,11663,12715.2,13912.1,15528.5,17651.8,19875.1,22415.5,25031.4,28630.8,32478,37368.8,43084.4,46379.7,48422.5,51504.5,53629.7,53695.1,53932.1,56881.2,60326.1,64880.9,68408.3,73264,76872.7,81905.8,85953.3,89776.9,94400.6,98944,101397.1,107072.5,114459,117698.5,121132,126295.6,135921.3,143643.3,157374.3,168070,163751.6,171098.2,177105.1,186589.4,189197.1,198233.9,200110.3,198952,205188,215308.7,220629.7
Maine,477.9,458.9,397.3,309.9,306.6,346.9,363.7,427.6,432.5,401.3,422.7,452,546.4,731.3,907.5,903.7,882.6,958.3,1009.1,1114.6,1096.4,1124.6,1245.9,1363.5,1373.8,1397.8,1535.9,1625.8,1690.8,1761.3,1841,1952.4,1977.4,2054.4,2122.2,2292.7,2474.3,2629.8,2760.7,2940,3236,3557.1,3822.7,4187.7,4706.7,5229.3,5652.3,6447,7007.6,7740.5,8589.9,9653.5,10651.6,11581,12473,13786.7,14893.3,16123.2,17490.9,19277.2,21011.3,21870.4,22249.7,23324.8,24094.9,25085.7,26179.3,27653.1,29169.5,31218.4,32800.7,35226.3,37137.5,38414.1,40289.3,42373.9,43448.5,45683.5,47356.7,49300.6,49267.6,50330.5,52424.4,53490,53346.3,55650,57941.8,59685.4,62145.8,65335.2,68062.4
Maryland,1257,1179.3,1071.1,876,804.1,908.9,965.2,1093.6,1183,1136.7,1207.3,1329,1717,2327.8,2777.8,2930.1,2895.6,3011.5,3124.3,3515.5,3587.9,4009,4625.5,5098.2,5428.8,5455.8,5871.9,6412.7,6830.5,6968.9,7363.9,7738.8,8233.9,8896.9,9531.6,10386.4,11316.9,12477.2,13580.2,14999.8,17235.9,19167.2,21125.8,23176.4,25560.5,27902.8,30204.1,32906.9,35675.8,39617.2,43545.5,48503.3,54043,58610.6,62787.4,69664.9,75502.9,81544.5,88007.6,96739.7,104600.7,110894,114898.7,120637.4,125486.1,131410.4,137245.4,143742.3,151791.5,163868,174048,189505.4,199706.8,207659.1,217235,232208.4,245174.2,258473.5,269020.9,280998.1,279384.2,289469.9,306179.6,315230.9,314267.3,325837,341389.9,354260.6,365997.5,378491.5,390792.5
Massachusetts,3853.4,3578.6,3254.4,2648.8,2430.4,2658.8,2835.6,3155.6,3235.7,2980.1,3197.2,3422.4,4053.7,4831.7,5544,5801.1,5957.5,6452.2,6688.5,7159.4,7102.5,7896.4,8642.8,9041.1,9582.9,9688.1,10329.2,10959.6,11582.9,11835.9,12630.4,13147.2,13813.8,14596.6,15203.4,16233.1,17319.7,18650.1,20260.5,22126.5,24041.9,25961.4,27742,29977.9,32574.1,35182.2,37801.8,40688.8,44297.9,48938.7,54481.4,61388.7,68493.4,75098.5,81445.9,91928.3,99341.6,107146.5,116044.3,127722.9,135208.9,139232.6,141351.8,148477.6,154367.4,162175.2,171742,182580.4,194130.7,206428.2,220405,245253.2,255085.1,254408.8,259978.8,273462.5,285642.5,307519.3,323111.3,335841.4,332020.6,348423.3,365742.7,382009.4,385192,405505.9,432237.4,448480.5,469500.7,494177.3,511333.7
Michigan,3796.8,3178.9,2593.3,1885.8,1661.4,2179.6,2571.8,3035.3,3415.4,2904.5,3239.9,3632.4,4560.3,5875.4,7401.3,7659.1,7335.4,7861.8,8951.9,9697.7,9642.4,11002.6,12319.1,13190.5,14991.5,14618.4,16236,16948.9,17440.9,17119.5,18126,18884,18957,20319.3,21691.5,23774.2,26375.2,28764.1,29991.8,33160.6,36067.9,37361.7,40644,45132,50382.9,53913.2,57745.1,64457.8,72465.6,80772.9,88478.7,94684.4,101254.2,104816.5,111577.2,123177.2,133599.1,142047.6,147561.4,157523.2,169629.3,177393.2,181414.2,192235.1,202432.5,217745.4,230305.9,242218.5,254938.9,270151.5,283993.8,302644.2,307686.9,307192.5,314558.6,323431.8,330450.5,338507.7,347961.9,355102.7,336954.5,349577.7,370676.1,386568.4,390199.7,408617.5,431805.5,444166.8,458247.1,477009.6,491631.8
Minnesota,1528.9,1409.5,1194,956.4,829.2,968.1,1219.3,1294.6,1477.3,1357.2,1432.5,1460.8,1676,2126.7,2455.1,2553.6,2834.3,3265.3,3554.7,4161.9,3918.1,4336.1,4800.1,5000.3,5278.3,5442.2,5765.5,6040.2,6411.5,6772.7,7034.7,7471.7,7853.4,8277.7,8779.4,9131.5,10087.6,10933.5,11750.3,12934,14388,15708.8,16766,18229.3,21370.2,23011.8,24891.1,26907.1,30292.7,33988.9,37795.4,42002.1,46547.6,49867.5,52578.4,59667.4,63360.9,67018.2,71480.2,75424.9,82388.1,87514,90246.2,97018.5,99989.9,107155.2,113337.5,122210.8,129027.6,140486.8,147753.4,160084.3,166694.6,170300.8,178203.4,189289.4,195112.7,205273.8,217244.3,226166.5,216607.4,226273.4,242440.3,257319.7,259538.9,273960.6,287012.3,293162.5,305921.2,321638.5,331801.9
Mississippi,552.9,396,337.6,244.9,257.1,342.6,358.9,460.9,458.3,417,436.4,461.2,690.3,1006.2,1246.2,1360.4,1330,1281.2,1410.5,1655.5,1481.7,1697.1,1872.4,1981.1,2009.2,1952.9,2203.1,2245.7,2272.1,2462.1,2726.4,2763.8,2996.9,3132.5,3442.4,3563.3,3868.6,4217.4,4563.4,4993.3,5540.7,6077,6737.1,7677.4,8779,9648.1,10462.8,11877.6,13222.2,14721.6,16636.6,18097.5,20331.6,21465.4,22451.6,24527.7,25818.8,26781.3,28323.9,30302.6,32735.8,34442.5,36287.6,39062.7,41597,45005.3,47613.3,50525.5,53377.5,56601.9,58501.6,61638.2,64992.9,66139.1,68806.6,72778.6,77596.4,80873.3,85999.5,89845,88333,91795.4,95795.2,99386.4,101176.8,103310.8,105212.7,106585.1,109189.5,112837.6,115814.2
Missouri,2241.6,2042.5,1815.3,1366.8,1261.9,1392.8,1597.7,1775.7,1926.6,1799.6,1907.4,1969.4,2465.8,3134.1,3619.9,3850.1,4030.8,4509.6,4732.5,5295.9,5171.7,5699.8,6319.8,6680.4,7087,7139.9,7645.6,8065,8296,8828.8,9350.2,9629.7,9955.3,10488.7,11002.3,11619.6,12634.8,13535.8,14407.4,15949.9,16912.5,18479.5,19938.9,21682.2,24089.7,25774.7,28212.7,30912,34252.4,38129.7,42513.8,46120.2,51516.6,55083.5,58757.9,65189.3,69744,73416.9,77345.9,82131.5,88040,91909,95964.1,102138.9,106821.1,113391.1,119590.2,126668.3,134328.1,141158.2,146923.4,157009.2,161989.2,165665.5,171751.1,180801.7,187528.7,198791.6,208403.6,219503.3,215681.8,220788.1,230429.7,241762.7,243582.2,252999.6,262012.6,269771.2,276887.6,288385,298619.8
Montana,310.3,270,208.8,180.6,161.8,198.9,261.2,265,284.6,284.2,294.4,315.7,384.3,469.6,557.9,558,578.2,673.1,784.3,887.6,815.3,995.3,1092.8,1117,1134.9,1127.6,1230.2,1293,1356.7,1414.3,1392.4,1451.3,1454.6,1701.3,1691.6,1727.5,1856.3,1989.5,2029.1,2128.3,2350.5,2604.2,2787.3,3230.3,3745.2,4069.9,4478.7,4806.5,5197.9,6090.5,6548.7,7211.1,8194.3,8635.6,9076.9,9602.8,9738.4,10125.6,10398,10687.9,11775.6,12378,13196.3,14014,15163.4,15585.3,16415.9,17203.3,17939.1,19182.2,19592.2,20871.9,21753.4,22359.9,23980.9,25967.9,28000.6,30402.3,32716.6,34421.4,33711.5,35561.8,38077.7,40471,40720.8,42817.5,44956.1,45822.5,48623.3,51117.4,53168
Nebraska,803,704.1,566.1,419.4,378.6,364.7,556.2,535.8,554,532.8,525.7,578.6,697.6,1024.8,1271.2,1336.9,1448,1490.8,1607,1955,1771.6,2100.7,2193.5,2355.8,2247,2403,2326.2,2399.5,2782.6,2914.8,2950,3140.3,3214.3,3493.5,3591,3691.4,4060.9,4360.3,4512.7,4815.3,5379.3,5798.4,6368.8,7052.5,8225.7,8565.1,9766.4,10217.4,11073.1,12810.9,13834.2,14758.2,17140.5,18420.7,19046.7,21214.7,22348.4,22999.5,24065.8,25727.2,27305.5,29240.3,30304.9,32208.4,33288.5,35431.2,37436.4,40790.1,42017.5,44860.8,46968.8,49735.6,51961.9,52767.7,56024.4,58602.4,60790.1,63584.2,68466.1,72259.9,71173.5,74864.2,83613.6,86293.7,86913.9,91999,95935.5,94547.5,97032.4,101845.6,105454.2
Nevada,78.6,76.7,62.5,53.5,47.9,54.9,66.7,85.3,79.8,82.4,92.5,101.9,122.2,221.3,235.6,236.6,243.7,259,266.9,282.6,293.2,338.4,388.9,454.8,502,541.4,629.8,658.6,707,747.7,818,896.1,993.1,1185.8,1330,1443.1,1545,1630.4,1731.8,2013.6,2278.6,2560.4,2860.4,3196.8,3630.1,4025.2,4544,5170.5,5977.9,7225.7,8374.6,9682.8,11011.8,11762.1,12530,13652.1,14799.4,15988.5,17473.7,19842.9,22352.5,25043.3,27515.3,30479.3,32966,36485.5,40138.3,44435.1,48572.7,54281.3,58607.3,64339.6,67862.4,69626.7,74202.2,82501.2,92671.1,100383.7,104564.6,102785.5,96858.6,100605.8,104579.4,108825.1,109055.1,116945.3,127046.8,132315,141515.9,151367.8,157583.7
New Hampshire,321.3,301.9,263.3,203.8,200.5,230.3,242.2,260.6,274.3,260.6,277.4,288.2,353.4,419.8,462.1,497.6,528.3,578.3,627.8,682.2,691.2,730.4,813.7,862.5,925.5,967.5,1041.2,1104.2,1181.4,1203.3,1309.9,1382.9,1456.1,1556.9,1624.7,1746.9,1883.8,2064,2254.8,2491,2781.3,2965.7,3220.1,3562,4013.3,4417.2,4802.3,5436,6146.4,7090.7,8111.9,9278.2,10517,11579.7,12713.2,14376.3,15842.4,17508.8,19362.1,21322.2,22846.7,23006.5,23792.3,24968.2,25786.7,27522.3,29202.8,30941.5,33274,36531.6,38959.6,43867.2,46193.6,47054.4,48040.7,50939.8,52878.8,56585.7,58631.3,60129,59082.5,61604.6,64589.7,67528.8,67320.4,70225.1,72874.8,75858.2,79253.4,83199.1,86344.9
New Jersey,3673.7,3461.9,3054.6,2443.2,2171.3,2363.9,2578.6,2920.2,3079.3,2888,3125.9,3463.8,4122.8,5112,6116.9,6572.8,6632.3,6971.3,7352.3,7960.2,8014.2,8866.3,10131.7,10985.8,11828.8,12040.2,12773.2,13863.5,14771.6,14608.8,15708.1,16552.9,17395.7,18718.6,19646.8,21063.7,22629.1,24502.9,26394,28967,32504.2,35294.5,38078.1,41394.9,45063.2,48945.2,52877.7,57408.9,62802.1,69699.1,77362.8,87046.7,97264.6,105090.4,113438.5,125567.2,134573.7,144070.4,155341.3,170597.7,183043,192163.5,195933.4,210510.2,217596,225284.5,239164.9,253062.3,269605.9,287244,300854.6,330957.2,342304.1,347456.8,356314.9,373078.6,387392.7,415890.9,440165.6,453018.9,439087.9,452466.4,474015.5,491662,496464.8,520079,542298.8,557461.9,577407.8,602870.1,625937.9
New Mexico,170.2,142,125,91.9,94.6,113.6,139.4,167.6,182.2,173.3,186.3,200.3,240.3,333.5,427.8,477.7,514.6,532.1,597.4,697.9,765.2,868.1,1010.9,1107,1161,1188,1288.2,1390.1,1559.8,1729.5,1858.6,1911.5,2000.3,2079,2150.3,2273.3,2412.1,2534.7,2620,2836.9,3143.7,3499.8,3872.4,4353.3,4881.8,5487.3,6267.9,6987.4,7819.8,8947.8,10088.4,11323,12799.9,14023.1,15086.1,16471.1,17823.5,18525,19308.7,20401.9,21855.4,23301.3,24937.1,26802.8,28827.1,30772.3,33070.6,34741.3,36520,38361.2,39275.9,42319.5,45312.3,47090,49197.2,52264.4,55838.3,59946.3,63418.4,67242.1,66661.8,69250.2,72820.3,74578.4,73437.9,77747.6,80061.7,81626.5,83141.6,87204.6,90846.9
New York,14071.1,13171.9,11416.2,8921.7,8327.9,9117.2,9790.3,11041.1,11460,10824.1,11323.9,11878,13428.2,15491.6,18229.6,19900.8,21068.6,23170.9,24506,25850.8,25883.5,27767.5,30071.2,31529,33538.6,34640.5,36888.8,39190.9,41618.2,43296.7,45890.1,47939.4,50098.4,52853.4,55173.7,58939.4,62624.5,67240.3,72537.9,80061.8,83626.3,89895.4,96121,102833.6,109571.7,118064.6,127413.9,134980.8,145640.4,158583.7,173361.9,193258.5,215680.6,234418,252683.2,279483.6,299163.5,319479.4,340642.8,373665.4,403910,432317.8,432542.6,457271.4,470053.9,484730.6,510818.3,537881.6,567955.8,600601.1,635835.2,684590.1,709767.3,708251.7,718318.7,751244.8,782613,844018.8,909175.2,928501.9,912779,950069.1,1004130.3,1056671.2,1069556.2,1115351.8,1164400.3,1205507.2,1289263.2,1340903.3,1395147.5
North Carolina,1024,909.4,776.8,591.2,663.5,816,888.8,982.5,1086.2,1001.2,1096.6,1154.5,1545.2,2111.4,2597.7,2826.6,2941.9,3262.1,3414.3,3868.1,3826.1,4453,5012.6,5162.4,5371.5,5493.1,5953.8,6345.5,6387,6738.3,7217.1,7617.6,8064.4,8661.2,9109.7,9868.3,10671.1,11855.1,12817.2,14135.7,15858.1,17320.4,18856.8,21319,24174.5,26653.9,28942.8,32132.3,35208.1,39736.2,43908.3,49247,55496.7,59420.1,64644.5,73126.2,79020.2,85194.5,91884.5,100589.5,109693.1,116522.5,121893.3,132674.9,141458.3,150582.6,161486.7,172816.7,185687.9,198775.2,208769.7,222564.9,228880,232267.3,241625.8,261640.2,281033.8,306078,329509.4,350848.3,338315.7,341627.6,355052.3,379925.3,376023.9,397996,419717.4,434789,455997.1,479791.8,500973.8
North Dakota,254,210.1,132.3,120.3,101.7,123.9,181.3,158,212.2,182.6,203.7,225,320.4,383.8,523.7,544.8,563.9,615.1,847.7,847.7,734.7,859.4,894.2,821.3,835.6,859.6,949.3,989.9,1017.4,1170.4,1085.6,1210.3,1109.2,1554.9,1448.2,1440.7,1677.2,1697.1,1699.1,1778.3,1990.6,2102.4,2424.2,2887.4,4036.8,3998.2,4181.5,4101.9,4261.1,5357.9,5507.4,5269.9,6899.4,7453.2,7831.1,8458.3,8740.9,8869.9,9133.1,8466.6,9482.7,10256.6,10388.1,11391.7,11547.5,12547.6,12570.6,14065.7,13771.1,15105.2,15328.8,16663.9,16963.5,17347.8,18863.8,19234.4,20381.7,21361.4,23686.5,26555.2,26361.3,29344.6,32882.2,38859.8,38860.6,41526.2,40540,39104,39812.9,42291.9,43614.4
Ohio,5113.9,4421.8,3772,2704.2,2608.5,3083.1,3520,4060.5,4434.3,3864.9,4268.3,4600.5,5759,7190.4,8740.5,9212.6,9414.6,9952.6,10873.5,12137.5,11610.5,12855.1,14837.9,15911.7,17450,17513.2,18913.7,20191.2,21231.9,21063,22540.2,23455.4,23909.9,25206.8,26265.4,28027.9,30301.8,33056.9,34629.9,38206.8,41801,44141.9,46980.4,50967.9,56552.4,61925.2,66162.2,72597.5,80397.2,88854.7,98136,107184.5,116652.4,122081.5,129132.5,142661.1,151425.6,158493,166090.3,178267.5,191708.3,202979.6,207676.9,221201.4,230366.4,243306.8,255101.1,267147.2,282809,299234.1,309198.7,325803,334533.6,339645.3,349608.9,362916.3,373440.5,392156.6,408493.7,421412.1,409648,422046.2,451011.1,469260.8,475776.2,496069.1,515871.4,526177.2,546006,569184,586784
Oklahoma,1065.6,876,706.3,511.4,525.5,598.9,707.4,761.9,874.5,802.8,811.9,869.2,986.4,1423.4,1766.6,1983.3,2002.3,2046.2,2199.4,2390.6,2484.8,2593.9,2915.6,3192,3312.3,3322.5,3510.1,3732.4,3905.3,4208.2,4392.3,4611.8,4774.2,4985.2,5151.2,5519,5913.4,6343,6929.4,7589.4,8454.8,9325.6,10163.6,11153.4,12652.9,14079.6,15735.7,17348.7,19295.9,21896,25414.8,29278.8,34204.1,38175.8,39077.2,41927,43605.5,43881.5,43753.6,45620.3,48521.2,51121.3,52677.5,56033.9,58247,60818,63426.7,67223,71074.7,74885.4,76914.5,83238,88286.9,90204.4,94319.8,101746.7,111113.4,123473.5,127864.1,141505.9,131371,137392.8,147889.5,158353.9,166063.4,176621.9,172770.1,164463.4,172169.5,180633.6,187327.5
Oregon,630.4,578.3,486.4,366.8,349.3,430.2,459.9,560.2,582.7,566.7,616.8,663.8,880.4,1277.4,1723.3,1751.2,1728.6,1865.8,2066.7,2355.5,2348.7,2596.9,2918.6,3102,3159.4,3136.5,3397.3,3643.9,3651.9,3748.6,4053.7,4191.8,4350.8,4621.5,4866.7,5236.3,5680.9,6118.4,6487.2,7062.6,7832.2,8537.1,9382.8,10511.4,11845.4,13431.8,14919.7,16821.7,18812.4,21563.4,24392.3,27030.4,29169.6,30006.2,31906.1,34585,36320.8,38221.7,40194.5,43775.8,48095.1,51940.7,54674.3,58477,62590.8,67029.8,72165.9,77845,82657.4,87373.7,90929.6,97954.6,100698.4,101954.3,105567.7,111503.1,117413.6,128145.4,134019.6,139695.9,135132.2,138618,146432.2,154408.5,156977.1,168408.8,181367,190534.2,202051.5,215365.4,224346.4
Pennsylvania,7545,6915.9,5869.1,4442.9,4137,4770.6,5120.2,5937.4,6299.4,5674.8,6028.8,6518.9,7793.6,9375.2,11014.1,11762.5,11983,12895.7,14060.4,14779.8,14575.5,16307.3,17977.8,18876.1,20291.8,19846,21033.3,22725.6,23920.4,24046.8,25239.8,26118.7,26685.5,27845.4,28908.3,30915.2,33158.5,35757.2,38299.2,41637.9,45346.1,48843.7,51835.5,56579.8,62032.9,68133.2,74472.7,81283.2,89174.1,98272,108706.1,119088.4,131482.1,140474.1,147180.8,158975.3,168415.8,177108.1,187611.1,203157.6,220029.7,232898.7,242566.3,256051.9,265789.4,275144.9,287676.4,302375.6,317520.1,334639.5,348920.1,373357.1,388047.1,395409.4,408889.7,432741.6,451950.4,475815.3,505303.6,523556.7,511617.9,534469.9,563434.9,587521.9,592972.7,619387.1,644445.8,662352.9,681658.5,717255.3,742924.3
Rhode Island,602.8,545.2,489.1,395.1,383.8,411,444,494.8,514.9,474.3,513.1,551.3,712.9,925.3,1081.8,1109.9,1109.5,1110.2,1166.7,1155.2,1132.3,1258.6,1394.7,1471.3,1573.3,1576.1,1679.1,1748.4,1795.3,1885.2,1985.6,2015.7,2107.9,2266.9,2368.1,2521.8,2722.8,2973.2,3223.2,3522.1,3741.8,4093,4336.6,4722,5044.6,5288.9,5742.4,6272.4,6864.9,7531.2,8363.2,9390.6,10463.8,11271,12185.4,13381.3,14413.8,15452.7,16547.2,18239.3,19852.5,20438.1,20636.1,21597.1,22514.8,23091,24324.3,25172.1,26633.8,28410.4,29751.4,32048.9,33733.6,35133.4,36974,38907.8,39747.5,41711.7,43394.6,44051.5,42952.6,45261,47067,48810.3,48772.6,50863.3,52739.2,53530.2,55574.7,57603.7,59707.2
South Carolina,464.7,417.2,355.8,273.5,301.7,364.6,402.8,456,488.7,455.7,514.5,597.9,814.3,1170.3,1332.6,1468.8,1482.6,1538.5,1602.9,1848.7,1795,1992.4,2509.1,2696.2,2778.2,2633.6,2798.1,2910.7,3041.1,3150.8,3400.1,3570.1,3748.4,4018.4,4252,4567.3,5047.7,5672,6120.6,6796.3,7604.4,8380.4,9180.9,10308.9,11692.3,13234.6,14394.3,16096.3,17592.5,19879.1,22283.5,24966.9,28120.4,29894.4,32447.3,36183.2,38709.7,41372.2,44371.6,48237.2,52509.2,56399.8,58892.8,62693.5,65908,69909.2,74092.1,78791.9,83865.3,89936.1,94554.2,101217.4,104660.8,107536.4,111169.9,117509.6,124566.6,134622.6,143383.7,149285.9,145622.1,150462.9,159187.4,167797.5,170227.2,181483.1,192966.8,201138.8,212034.1,223256.9,233948.4
South Dakota,286.2,247.3,167.8,130.9,93.9,129.3,205.6,164.9,210.5,205.8,219.9,228.9,288,450.8,500.9,548.6,620.8,659.3,752.2,920.1,707.6,850.2,995.7,883.5,960.8,988.1,922.3,987.4,1156.9,1188,1080.9,1324.8,1333,1518.9,1473.1,1445.2,1625.9,1758,1786.1,1914.3,2076.4,2257.4,2473.1,2855.4,3605.3,3612,3972,3932.8,4462.6,5142.5,5664.9,5712.8,6651.8,7010.2,7270.6,8272.3,8480.6,8847.5,9335.7,9747.5,10492.4,11484.6,11966.6,12941.8,13531,14587.9,14883.5,16445,16805.8,18150.1,19005.9,20280.9,20948.1,20939.8,22890.6,24579,26112.5,27544.6,30604.7,32691.3,31794.6,33596.2,36741.9,37659.4,38108.6,39872.2,41570.7,42049,43457.3,46248.9,47738.1
Tennessee,971.2,841.9,724.9,526.2,552.6,674.5,735.1,844.4,927.9,840.9,891.1,994.8,1311.2,1684.7,2189.4,2528.3,2662.4,2708.3,2839.5,3118.1,3104.1,3448.3,3844.1,4021.5,4313.6,4368.1,4612.1,4945.7,5175.1,5389.6,5775.7,5931,6277.8,6667.6,7071.8,7604.2,8286.5,9123.2,9769.9,10893.8,11815.6,12849.4,14188.1,15970.6,18141.7,20073.6,21893.6,24519.7,27175.8,30979.3,34543.7,38078,42383.3,45046.2,48057.1,53481.4,57207.5,61216.4,65941,71646,76927.8,81783.9,86008.9,94052.9,100091.8,106496.6,114364.9,120799,127953,140037,145564.6,154419.5,158356.8,162839.3,169454.8,179482.4,187942.3,200305.1,209963.6,217598.6,216041.8,226586.6,240717.7,253613.1,256016.1,266873.5,280955.2,289936,303460.7,319689.7,332472.7
Texas,2728.7,2381.2,2038.5,1560.7,1530,1763.9,1989.8,2301.7,2613.6,2545.6,2653.3,2817.3,3553.7,5023.5,6739,7329.1,7380.7,7637.2,8518.1,9312.5,10054.4,10827.6,12357.8,13356.1,13679.2,14086.2,15169.9,16223.5,17355.1,17896,18929.4,19437.8,20546,21582.3,22539.1,24171.3,26016.7,28468.5,31101,34653.9,38575,42497,46116.2,51173.4,58113,65532.3,74746.7,84227.6,93978.6,108293.3,124677.5,143140.3,168292.4,185542.6,198083.6,216833.9,233562,238934.1,243559.4,258240.4,275917.1,297726.3,311370.4,336646,356399.2,376613.6,402805.3,433164.9,472178.4,514064,541440.2,589275.4,625492.9,633035.7,655908,687220.2,745858.7,820949.9,873354,954649.8,910498.6,966149.7,1057757.5,1132222.1,1159721.6,1248709.9,1278809.8,1278552.1,1369329.5,1463962.2,1531346.5
Utah,278.2,251.6,190.8,157.4,154.6,163.9,205.5,243.8,236.5,238.4,249.5,267,330.8,527.7,730.1,664,686.9,715.4,760.8,840.2,869.3,968.1,1129.7,1199.6,1232,1230,1360.6,1484.5,1610.3,1666.9,1787.3,1909.8,2046.9,2228.1,2315.1,2436.9,2583.2,2751.3,2903.5,3111.6,3406.9,3791.4,4243.1,4741.4,5282.9,5910.4,6590.5,7463.6,8440.5,9711.7,10972.4,12319.3,13892.7,15066.9,16135.2,17820.4,19069.9,20041.9,20994.6,22330,23967.4,25984.9,27864,30125.5,32491.3,35156.8,38308.3,41738.9,45125.2,48266.4,50851.4,54465.5,56933.2,58604.8,60748.7,64803.4,70861.6,79063,86046,90161.8,86695.6,89242.4,96245.3,103120.6,106427.3,113140.9,121954.1,128900.6,136996.8,148240.6,156896.3
Vermont,226.3,206,169.2,129.9,120.4,136.2,148,167.7,172.7,162.9,176,188.4,226.3,270,307.7,303.2,329.9,374.8,400.6,437.9,423.1,450.6,515.6,528.7,554.3,562.1,584.9,639.7,663.1,676.3,727.1,768.3,800.8,840.5,871.3,933.7,1022.2,1159.8,1256.1,1382.4,1515.4,1663.9,1802.3,1989.1,2183.9,2364,2591.8,2876,3120.1,3573.4,4015.1,4505.3,5069.1,5502.3,5907.7,6496.3,7041,7574.2,8217.5,8976.8,9917.1,10298,10499.4,11241.7,11680.9,12247.1,12890.2,13585.6,14333.1,15410.7,16394.2,17745.6,18821.9,19226.8,19983.7,21147.3,21726.8,23108.8,24319.7,25530.4,25164.3,25939.1,27455.2,28395.7,28768.9,29886.8,30882.3,31445,32276.9,33422.7,34502.3
Virginia,1054.5,938.4,906.9,701.9,704.4,801.9,891.2,1004.3,1104.1,1038.1,1149.7,1304.5,1827.8,2804.5,3114.9,3416.8,3521.2,3540.3,3442.2,3854.1,3900.4,4399,5192.7,5657.7,5858.4,5960,6293.3,6809.3,7179.4,7416.3,7925.4,8173.2,8705.5,9395.7,10106.6,11151,12037.5,13026.7,14251.2,15768.2,17847.7,19371.6,21411,23764.2,26612.7,29489.6,32379.8,35770.8,39631.2,44990.4,50182,56726.5,63698.2,68854.8,74239,82638.2,89308.4,96341.5,104064.2,113916.6,123237,129558.2,135041.5,143668.6,150973.3,158882.8,167003.3,175342.4,186845.5,200071.8,214308.7,232313.7,244410.7,251068.3,266236.5,285300.6,305046.9,326087.1,343153.1,355931.4,349712.1,365041.4,387003.9,405863.9,403198.4,421873.6,441016.7,452400.5,470835.7,492764.3,509201.3
Washington,1150.5,1030.7,844.7,637.4,598.8,712.4,799.6,942.3,1009.8,990,1059.1,1160.8,1586.8,2348.4,3046.8,3328.5,3248.5,3293.1,3406.6,3783.9,3799.7,4289.9,4740.1,5051.2,5346.5,5492.7,5785.1,6076,6459.3,6588.3,6994.8,7248,7609.3,8203.1,8393.9,8787.3,9465.1,10693.3,11710.4,13034.8,14235.8,15036.7,15838.6,17079,19236,21826.7,24719.6,27398.8,30412,35366.6,40755.5,46241.9,51391.3,54606.4,58281.5,62431.1,66376.3,70875.8,75031.2,81724.1,90313.2,99151.2,106188.9,114759,120676.9,126855.4,134146.3,144246.2,155513.9,170382.4,181940.5,194509.9,199204.1,202618,210856.5,226359.6,235828.1,257120,278686.9,292402.8,279749.7,287760.3,304986.9,329258.6,336333.5,363326.7,385904.8,407060.4,433795.8,468055.1,493127.9
West Virginia,787.4,706.1,616.3,448.2,453,554,606.3,707.2,760.3,678,727.8,779.5,942.5,1130.7,1302.5,1415.2,1536.1,1702.6,1948.8,2099.1,1960.4,2107.4,2339.1,2435.3,2455.9,2329.4,2477,2744.8,2942.5,2928,3028.7,3075.7,3117.2,3255.6,3400.1,3628.1,3877.8,4115.3,4360.6,4622.8,4944.1,5511.8,6051.6,6700.7,7333.2,8128.7,9186.1,10241.1,11457.3,12752.7,14222.6,15632.7,17051.2,18069.4,18550.2,19940.7,20765.6,21261.4,21785,23237.6,24601,26186.2,27308.2,29404.4,30498.8,31820.5,32894.7,34208.8,35630.2,37135.4,38151.7,40353,42783.8,44239.1,44869.8,46477,48861,52193.7,54128.8,57523.7,57948.9,59927.7,63349.2,65206.2,64785,66863.6,68269.1,67928.7,70729.9,74321.6,75834.6
Wisconsin,1966.8,1724.7,1402.6,1094,1014.1,1160.9,1415.6,1596.7,1702.8,1573,1606.8,1723.3,2114.7,2673.6,3203.8,3316.3,3527,3847.2,4218.7,4759.6,4716.8,5209,6016.9,6293.8,6485.6,6443.6,6955.7,7511.7,7876.9,8026.6,8702.7,8994.3,9282.4,9809.7,10135.2,10909.4,11798.4,12888.4,13602.2,14896.3,16424.6,17648.8,18959.2,20731.6,23157.8,25436.5,27872,30609.1,34210.4,38209.9,42797.6,47282,51613.4,54462.3,57196.7,62913.2,66276.7,69916.8,73793.7,78456.3,85533.9,90431.2,94002.4,101407.7,106713.9,113394.4,119327.1,126196.7,133915.2,143322.2,149420.7,159326,167133.3,171578.1,176274.5,184282.8,190975.8,202649.3,211964.9,219492.8,215830.8,221909.7,234910,246150.8,247744.9,258489.4,269952.1,274764.7,285249.9,299827,309909.3
Wyoming,149.9,131.6,109.3,86.4,85.5,96.4,118.1,132.5,147.2,137.8,145.4,150.5,197.4,242.6,288.1,298.3,305.8,345.3,386.9,439.8,471.3,519.6,588.6,582,581.5,567.1,615.9,660,701.4,711.1,752.5,788.5,829.3,859,878.9,906.3,935.6,958.3,1025.4,1093.6,1218.6,1347.9,1497.5,1684.5,1968.6,2302.7,2607.4,2890.4,3375.6,4033.7,4716.1,5506.3,6299.8,6616.9,6568.1,6857.1,7160.4,7130.6,6864.3,7002.6,7642.6,8233.3,8642.4,9130.7,9659.9,10102.5,10585.4,11077.7,11885,12633.1,13517.8,14591.3,15414.2,15773.7,16712,17879.7,19661.1,22771,24263.4,26533.7,24486.7,25804.9,28356.6,30846.1,30789.6,33035.4,33274.6,31645.7,32723.6,35054.2,35992.7
