행정구역별,특성별,항목,2010 년,2011 년,2012 년,2013 년,2014 년,2015 년,2016 년,2017 년,2018 년,2019 년,2020 년
전국,계,계,100,100,100,100,100,100,100,100,100,100,100
전국,계,매우 만족,7.1,5.5,9.2,10.4,12.4,10.1,12.9,6.9,11,14.1,14.101
전국,계,약간 만족,23.6,18.1,24.1,23.7,29.8,23.2,29.5,22.9,29.8,25,28.601
전국,계,보통,45.7,48.8,44.3,45.6,43.4,48.4,43.6,47.4,43.6,44.2,44.856
전국,계,약간 불만족,18.5,20.3,17.1,15.6,11.5,14.1,11,17.5,12.6,12.7,10.157
전국,계,매우 불만족,5,7.3,5.4,4.7,2.8,4.2,3,5.3,3,4,2.286
전국,동부,계,100,100,100,100,100,100,100,100,100,100,100
전국,동부,매우 만족,7.3,5.7,9.3,10.6,12.4,10.2,12.9,7,11.1,14.5,14.511
전국,동부,약간 만족,24.1,18.4,23.9,24,30.3,23.6,29.6,23.2,30,25,28.513
전국,동부,보통,45.3,48.5,44.1,45.3,43.1,48,43.4,46.8,43.4,43.6,44.283
전국,동부,약간 불만족,18.1,19.8,17.1,15.3,11.3,13.9,10.9,17.5,12.5,12.8,10.274
전국,동부,매우 불만족,5.2,7.5,5.6,4.8,2.9,4.3,3.1,5.6,3.1,4.1,2.419
전국,읍면부,계,100,100,100,100,100,100,100,100,100,100,100
전국,읍면부,매우 만족,6.4,4.5,8.7,9.3,12.7,9.4,12.7,6.3,11,12.3,12.202
전국,읍면부,약간 만족,21.6,16.4,25.3,22.3,27.3,21.3,29.1,21.4,28.9,25,29.005
전국,읍면부,보통,47.4,50.1,44.9,47,44.9,50.6,44.4,50.4,44.4,46.7,47.505
전국,읍면부,약간 불만족,20.2,22.8,17.1,17,12.5,15.1,11.3,17.9,13.2,12.6,9.618
전국,읍면부,매우 불만족,4.3,6.1,4,4.3,2.6,3.5,2.6,4,2.5,3.4,1.671
전국,남자,계,100,100,100,100,100,100,100,100,100,100,100
전국,남자,매우 만족,7.5,5.9,9.6,11,13.2,11.1,14,7,11.6,14.9,15.233
전국,남자,약간 만족,23.6,17.9,24,23.6,29.3,22.8,29.2,23,29.5,24.9,28.342
전국,남자,보통,46,49.3,44.7,45.4,43.6,48,43.4,47.6,43.7,43.7,44.57
전국,남자,약간 불만족,17.9,19.6,16.1,15.3,10.9,13.8,10.3,16.9,12.1,12.4,9.531
전국,남자,매우 불만족,5,7.3,5.6,4.7,2.9,4.2,3.1,5.6,3.2,4.1,2.324
전국,여자,계,100,100,100,100,100,100,100,100,100,100,100
전국,여자,매우 만족,6.8,5.2,8.7,9.8,11.6,9.1,11.8,6.7,10.5,13.3,12.99
전국,여자,약간 만족,23.7,18.2,24.3,23.9,30.2,23.6,29.9,22.7,30.1,25.2,28.854
전국,여자,보통,45.4,48.3,43.8,45.8,43.2,48.8,43.8,47.3,43.5,44.6,45.136
전국,여자,약간 불만족,19.2,21,18,16,12.1,14.4,11.6,18.2,13.1,13,10.77
전국,여자,매우 불만족,5,7.2,5.1,4.6,2.8,4.1,2.9,5.1,2.8,3.8,2.249
전국,13∼19세,계,100,100,100,100,100,100,100,100,100,100,100
전국,13∼19세,매우 만족,11.2,11.4,17.8,18.2,21.4,21,24.2,18.5,23.1,33.1,32.245
전국,13∼19세,약간 만족,29.4,22.6,30.1,29.8,35.5,28.4,35.7,29.7,35.3,26.2,30.111
전국,13∼19세,보통,43.6,47.9,40,38.4,35,40.8,33.1,39.3,32.7,31.9,31.575
전국,13∼19세,약간 불만족,12.8,14.4,10.6,10.9,6.6,8.2,5.4,10.1,7.7,7.1,5.071
전국,13∼19세,매우 불만족,2.9,3.7,1.6,2.8,1.5,1.6,1.5,2.5,1.2,1.8,0.997
전국,20∼29세,계,100,100,100,100,100,100,100,100,100,100,100
전국,20∼29세,매우 만족,7.9,6.6,10.4,10.9,12.8,10.3,13.7,6.2,11.3,20.9,14.712
전국,20∼29세,약간 만족,25.1,19.6,25.7,28,33,25.3,31.4,23.3,32.4,24.6,32.563
전국,20∼29세,보통,46.4,51.6,45.2,45.1,42.6,48.3,41.3,49.1,43.2,41.6,42.149
전국,20∼29세,약간 불만족,16.6,16.9,14.7,13.2,9.5,12.1,10.9,17,10.7,9.8,9.037
전국,20∼29세,매우 불만족,3.9,5.4,4.1,2.8,2,3.9,2.7,4.4,2.3,3,1.539
전국,30∼39세,계,100,100,100,100,100,100,100,100,100,100,100
전국,30∼39세,매우 만족,7.1,5,9.6,11.7,13.3,10.8,14.6,5.9,12.5,15.9,15.591
전국,30∼39세,약간 만족,26.7,21.1,26.7,27.9,32.8,25.5,32,27.1,33,29.7,30.774
전국,30∼39세,보통,44.7,51.3,45.2,44.5,41.2,47.9,41.8,46.9,41.1,41.2,42.858
전국,30∼39세,약간 불만족,17.6,16.9,13.9,12.4,10.2,12.5,8.8,15.7,10.8,10.8,8.693
전국,30∼39세,매우 불만족,4,5.7,4.5,3.5,2.4,3.4,2.7,4.4,2.6,2.4,2.085
전국,40∼49세,계,100,100,100,100,100,100,100,100,100,100,100
전국,40∼49세,매우 만족,7.7,5.4,8.7,11.5,12.7,10.5,12.9,7.7,11.6,13.3,14.236
전국,40∼49세,약간 만족,24.4,20.3,25.5,24.5,30.8,26.4,29.8,25.6,32,28.6,29.952
전국,40∼49세,보통,44.5,45.5,43.6,43.9,42.6,44.8,43.6,45.9,43,44,44.014
전국,40∼49세,약간 불만족,17.7,20.2,16.5,15.2,10.9,13.9,10.4,16,10.8,10.5,9.511
전국,40∼49세,매우 불만족,5.7,8.7,5.6,4.9,3.1,4.4,3.3,4.8,2.6,3.6,2.287
전국,50∼59세,계,100,100,100,100,100,100,100,100,100,100,100
전국,50∼59세,매우 만족,6.3,5.1,7.1,7.9,10.8,8.3,11.5,5.9,9.6,9.7,12.25
전국,50∼59세,약간 만족,20.8,16,21.4,19.6,27,20.5,28.4,20.2,27.4,23.9,26.944
전국,50∼59세,보통,46.5,48,45.4,48.3,46,50.8,44.5,47.1,45.7,47.1,46.408
전국,50∼59세,약간 불만족,20.1,22.4,19,18,13,15.4,11.8,19.5,13.6,13.7,11.469
전국,50∼59세,매우 불만족,6.3,8.4,7.1,6.3,3.2,5,3.8,7.3,3.7,5.6,2.928
전국,60세 이상,계,100,100,100,100,100,100,100,100,100,100,100
전국,60세 이상,매우 만족,4.9,3.2,5.3,5.7,8.2,5.6,7.4,3.7,6.5,6.9,8.948
전국,60세 이상,약간 만족,18.2,11.3,18.3,16.3,23.5,16.9,24.6,16.8,24.1,20.1,24.897
전국,60세 이상,보통,47.7,48.9,44.7,49.9,48.5,53.6,50.1,51.2,48.1,49.3,50.812
전국,60세 이상,약간 불만족,23.2,27.2,24.3,21.4,15.9,18.6,14.7,21.7,17.3,18.3,12.614
전국,60세 이상,매우 불만족,6,9.4,7.3,6.6,3.9,5.2,3.2,6.5,4,5.3,2.728
전국,65세 이상,계,100,100,100,100,100,100,100,100,100,100,100
전국,65세 이상,매우 만족,4.5,3.2,5,5.3,7.8,5,6.8,3.2,6.1,6.2,8.558
전국,65세 이상,약간 만족,16.8,10,17.9,16,23,16.8,24.4,16.1,23.8,18.8,24.983
전국,65세 이상,보통,47.7,48.4,43.5,49.4,48.2,52.9,49.7,52,47.7,50.3,50.873
전국,65세 이상,약간 불만족,24.3,28.6,25.5,22,16.8,19.7,16,22.3,18.5,19.5,12.723
전국,65세 이상,매우 불만족,6.7,9.9,8.1,7.4,4.2,5.5,3.1,6.4,3.9,5.3,2.863
전국,초졸이하,계,100,100,100,100,100,100,100,100,100,100,100
전국,초졸이하,매우 만족,3.2,2.7,7.1,8.5,10.1,8.4,9.5,6.7,9,10.3,11.266
전국,초졸이하,약간 만족,15.1,8.4,18.8,16.3,23.1,16.4,24,15.7,23.8,17,23.042
전국,초졸이하,보통,47,46.2,41.8,44.9,45.7,50.5,47,47.8,44.2,47,47.971
전국,초졸이하,약간 불만족,26.9,31.4,24.6,22.9,17.2,19.4,16.1,22.5,18.4,19.5,14.237
전국,초졸이하,매우 불만족,7.6,11.2,7.8,7.4,3.9,5.4,3.4,7.3,4.6,6.2,3.484
전국,중 졸,계,100,100,100,100,100,100,100,100,100,100,100
전국,중 졸,매우 만족,7.4,5.7,8.8,8.5,11.7,9.5,12.6,7.7,9.5,13.4,13.73
전국,중 졸,약간 만족,22.2,16.2,22.3,20.4,26.9,19.8,28.4,18.8,25.4,20,23.055
전국,중 졸,보통,47,49.4,45.5,47.8,46.8,51.3,44.3,47.7,46.2,45.9,49.012
전국,중 졸,약간 불만족,18.4,21.4,18.2,17.9,11.8,14.8,11.8,19,15.5,15.9,11.654
전국,중 졸,매우 불만족,5,7.2,5.2,5.5,2.7,4.6,3,6.8,3.4,4.8,2.549
전국,고 졸,계,100,100,100,100,100,100,100,100,100,100,100
전국,고 졸,매우 만족,6,4.8,8.1,9.1,10.9,8.3,11.4,5,9.2,12.5,12.69
전국,고 졸,약간 만족,21.5,16,22.3,20.8,27.2,21.1,27,19,26.8,21.9,25.65
전국,고 졸,보통,48.1,51,46.7,49.3,47,50.8,46.7,51.2,47.8,48.2,48.613
전국,고 졸,약간 불만족,19,20.3,17.3,16,11.8,15.1,11.6,19.1,13,13,10.792
전국,고 졸,매우 불만족,5.5,7.9,5.7,4.7,3.1,4.6,3.4,5.7,3.1,4.4,2.256
전국,대졸이상,계,100,100,100,100,100,100,100,100,100,100,100
전국,대졸이상,매우 만족,10.2,7.5,11.6,13.5,15.5,13,16,8.5,14,17.3,16.501
전국,대졸이상,약간 만족,30.8,25.5,29.9,31.9,36.8,29.8,34.9,30.5,36.1,32.5,34.883
전국,대졸이상,보통,41.7,47.4,42.4,41,37.2,43.8,38.7,43.6,38.5,38.6,39.023
전국,대졸이상,약간 불만족,14.1,14.9,12.3,10.7,8.5,10.4,7.9,13.7,9.2,9.1,7.755
전국,대졸이상,매우 불만족,3.2,4.7,3.8,3,2.1,3,2.5,3.7,2.1,2.5,1.839
전국,미? 혼,계,100,100,100,100,100,100,100,100,100,100,100
전국,미? 혼,매우 만족,8.1,7,11.5,12.1,13.5,11.9,14.4,8.8,12.7,21.8,16.896
전국,미? 혼,약간 만족,25,19.2,25.7,25.9,31.1,23.8,30.1,23.2,30.4,23,29.411
전국,미? 혼,보통,46.1,50.1,44,43.8,42.7,47.7,42.2,46.6,42.2,40.6,42.014
전국,미? 혼,약간 불만족,16.5,17.5,14.5,14.2,10.1,12.7,10.3,16.4,11.9,11.1,9.429
전국,미? 혼,매우 불만족,4.3,6.3,4.2,4,2.6,3.9,3,5,2.9,3.4,2.251
전국,배우자 있음,계,100,100,100,100,100,100,100,100,100,100,100
전국,배우자 있음,매우 만족,7.5,5.4,9,10.7,13.5,10.4,13.8,6.8,11.6,12.1,14.462
전국,배우자 있음,약간 만족,25.2,19.4,25.6,24.8,31.7,25,31.7,24.8,32,28.1,30.462
전국,배우자 있음,보통,45.8,49.5,44.8,46.3,42.4,48.3,42.9,48.1,43.6,45.3,44.772
전국,배우자 있음,약간 불만족,17.3,19.5,15.9,14.1,10.1,12.8,9.1,16,10.5,11.2,8.637
전국,배우자 있음,매우 불만족,4.2,6.1,4.7,4,2.3,3.4,2.5,4.4,2.3,3.2,1.667
전국,사? 별,계,100,100,100,100,100,100,100,100,100,100,100
전국,사? 별,매우 만족,3.2,2.7,3.4,4.4,3.9,3.8,4.1,2.3,4.5,4.9,5.924
전국,사? 별,약간 만족,11.9,7.7,12.6,12.4,17.1,13.1,18.9,13.3,19.2,16.4,21.759
전국,사? 별,보통,45.7,43.9,42.9,47.2,52.2,53.4,52.4,50.5,49.1,48.9,53.217
전국,사? 별,약간 불만족,29.8,32.1,30.5,26.7,21.5,22.4,20.6,26,22.4,22.8,15.538
전국,사? 별,매우 불만족,9.4,13.7,10.6,9.4,5.2,7.2,3.9,7.8,4.8,6.9,3.562
전국,이? 혼,계,100,100,100,100,100,100,100,100,100,100,100
전국,이? 혼,매우 만족,2.1,2.4,3.2,3.2,3.6,3.1,3.9,2.4,4.4,5.2,5.896
전국,이? 혼,약간 만족,8.5,7.3,9.3,10.4,12.7,9.2,13.9,11.5,15.6,14.6,14.715
전국,이? 혼,보통,40.1,37.4,40.4,44.6,48.4,46.9,48.5,40.9,44.5,45,50.488
전국,이? 혼,약간 불만족,33.6,31.7,32.1,30.2,26.3,29.2,24.9,30.7,26.8,24.4,22.053
전국,이? 혼,매우 불만족,15.7,21.2,15,11.7,9,11.6,8.8,14.6,8.6,10.8,6.848
전국,취? 업,계,100,100,100,100,100,100,100,100,100,100,100
전국,취? 업,매우 만족,7.2,5.1,8.2,9.9,11.8,9.4,12.2,6.2,10.5,13.4,13.47
전국,취? 업,약간 만족,24.8,19.1,25,24.6,30.4,24,30.4,24.3,31,26.8,30.081
전국,취? 업,보통,45.7,49.7,45.3,46.3,44.2,48.9,44.1,48.1,43.9,44.6,45.185
전국,취? 업,약간 불만족,17.9,19.6,16.8,15.1,10.9,13.9,10.4,16.9,11.8,11.8,9.491
전국,취? 업,매우 불만족,4.4,6.5,4.8,4.2,2.6,3.8,2.9,4.5,2.8,3.4,1.774
전국,실업 및 비경제활동,계,100,100,100,100,100,100,100,100,100,100,100
전국,실업 및 비경제활동,매우 만족,7.1,6.1,10.4,11.1,13.2,11,13.7,7.8,11.8,15.2,14.893
전국,실업 및 비경제활동,약간 만족,22.1,16.7,23.1,22.6,29,22.2,28.4,20.9,28.1,22.4,26.741
전국,실업 및 비경제활동,보통,45.6,47.7,43,44.6,42.4,47.7,43,46.5,43.1,43.5,44.443
전국,실업 및 비경제활동,약간 불만족,19.4,21.3,17.4,16.3,12.3,14.4,11.7,18.4,13.8,14.1,10.994
전국,실업 및 비경제활동,매우 불만족,5.8,8.3,6,5.4,3.1,4.7,3.2,6.5,3.3,4.8,2.929
전국,농림어업,계,100,100,100,100,100,100,100,100,100,100,100
전국,농림어업,매우 만족,4.6,3.3,6.7,6.8,8.5,5,7.1,3.7,8.7,7.6,10.357
전국,농림어업,약간 만족,22,13.1,25.9,20,28,18.7,28.4,19.7,30.6,24.2,29.228
전국,농림어업,보통,50.7,53.7,45.5,49.9,48.9,57.2,51,57.3,47.2,54.8,51.847
전국,농림어업,약간 불만족,19.9,25.9,19,19.3,12.5,15.5,11.7,16.5,12,11,7.681
전국,농림어업,매우 불만족,2.9,4,2.9,4,2,3.6,1.8,2.8,1.5,2.4,0.887
전국,광업·제조업,계,100,100,100,100,100,100,100,100,100,100,100
전국,광업·제조업,매우 만족,6.5,4.8,7.9,9.3,11.4,9.3,11.9,5.1,9,12.5,13.146
전국,광업·제조업,약간 만족,24.8,18.2,24.9,23.6,30.4,23.9,29.7,23,30.1,26.4,28.55
전국,광업·제조업,보통,49,53.3,48.4,47.8,45.9,51.7,46.9,51.8,47.2,46,47.296
전국,광업·제조업,약간 불만족,16.5,17.7,14.9,15.5,10.2,11.7,9.1,16.5,11.4,12.1,9.162
전국,광업·제조업,매우 불만족,3.2,5.9,4,3.8,2.2,3.3,2.4,3.6,2.3,3.2,1.847
전국,사회간접자본?기타서비스업,계,100,100,100,100,100,100,100,100,100,100,100
전국,사회간접자본?기타서비스업,매우 만족,7.6,5.4,8.4,10.4,12.3,9.8,12.8,6.7,11,14.1,13.78
전국,사회간접자본?기타서비스업,약간 만족,25.2,20,24.9,25.4,30.7,24.5,30.8,24.9,31.2,27.2,30.493
전국,사회간접자본?기타서비스업,보통,44.4,48.3,44.5,45.4,43.2,47.5,42.8,46.4,42.9,43.4,44.199
전국,사회간접자본?기타서비스업,약간 불만족,18,19.3,16.9,14.5,10.9,14.3,10.6,17.1,11.9,11.8,9.703
전국,사회간접자본?기타서비스업,매우 불만족,4.9,6.9,5.3,4.3,2.8,3.9,3.1,4.9,3,3.6,1.825
전국,전문관리,계,100,100,100,100,100,100,100,100,100,100,100
전국,전문관리,매우 만족,12.4,7.7,12.3,15.2,17.7,13.8,17.6,10.5,16.5,20.2,20.408
전국,전문관리,약간 만족,32.6,29.8,33.1,35,36.7,31.8,37.6,32.9,38.6,35.1,37.861
전국,전문관리,보통,40.2,44.6,40.8,38.5,35.9,42.7,35.8,41,34.7,36.1,34.181
전국,전문관리,약간 불만족,12.6,13.8,10.7,8.8,8.1,9.3,7,13.1,8.3,6.9,6.381
전국,전문관리,매우 불만족,2.2,4.1,3,2.5,1.7,2.5,1.9,2.5,1.9,1.7,1.169
전국,사? 무,계,100,100,100,100,100,100,100,100,100,100,100
전국,사? 무,매우 만족,9,6.9,10.5,13.1,13.7,12.6,15.3,7.3,11.1,15.4,14.543
전국,사? 무,약간 만족,30.3,25.5,29,30.2,36.6,30.5,34.9,29.9,36.8,33.5,34.351
전국,사? 무,보통,43.1,50.5,43.6,44,39.8,44.2,39.2,46.9,41.6,39.8,41.192
전국,사? 무,약간 불만족,14.4,13.3,13.2,9.9,7.6,10.3,8.5,13.1,8.4,9.5,8.442
전국,사? 무,매우 불만족,3.2,3.8,3.6,2.7,2.2,2.4,2.1,2.7,2,1.8,1.471
전국,서비스판매,계,100,100,100,100,100,100,100,100,100,100,100
전국,서비스판매,매우 만족,6.1,4.6,6.4,8.2,9.5,7.2,10.6,4.9,7.8,12.4,11.888
전국,서비스판매,약간 만족,21.8,15.3,22.3,21.3,29.2,22.3,27.5,21.1,27.7,24,27.887
전국,서비스판매,보통,45.7,50.4,47,48.8,46.6,49.8,47.4,49.1,46.4,46.4,47.481
전국,서비스판매,약간 불만족,20.4,21.4,18.7,16.7,11.7,16,10.8,18.9,14.6,13.3,10.691
전국,서비스판매,매우 불만족,6,8.3,5.5,4.9,3.1,4.8,3.7,6,3.4,4,2.053
전국,농어업,계,100,100,100,100,100,100,100,100,100,100,100
전국,농어업,매우 만족,4.7,3.2,6.9,6.9,8.5,5,7.2,4,8.9,7.3,10.472
전국,농어업,약간 만족,22.3,12.9,26.2,20.1,28.8,19,28.1,20.3,30.6,24.7,29.144
전국,농어업,보통,50.8,54.5,45.5,50.5,48.5,57.4,51.1,57.8,47.2,55.2,51.945
전국,농어업,약간 불만족,19.4,25.5,18.6,18.5,12.3,15.1,11.7,15.3,11.8,10.7,7.505
전국,농어업,매우 불만족,2.9,3.8,2.9,3.9,2,3.5,1.8,2.6,1.4,2.1,0.933
전국,기능노무,계,100,100,100,100,100,100,100,100,100,100,100
전국,기능노무,매우 만족,3.7,3.1,5.6,6.2,8.9,7,8.7,3.3,7.2,9,8.875
전국,기능노무,약간 만족,19,12.2,18.9,17.5,23.9,17.5,25.5,16.8,24.2,19.6,23.176
전국,기능노무,보통,49.9,51,47.8,50.2,49.9,53.6,49,51.9,50.3,50.2,53.45
전국,기능노무,약간 불만족,21.5,24.5,20.9,20.5,13.9,17.2,13.2,21.4,14.5,15.7,12.154
전국,기능노무,매우 불만족,5.9,9.1,6.8,5.7,3.4,4.8,3.6,6.6,3.8,5.4,2.345
전국,임금근로자,계,100,100,100,100,100,100,100,100,100,100,100
전국,임금근로자,매우 만족,7.4,5.2,8.5,10.4,12.2,9.7,12.5,6.5,10.9,14.4,14.037
전국,임금근로자,약간 만족,25.3,19.9,25.2,25.6,30.8,24.5,31.1,25,31.2,27.1,30.525
전국,임금근로자,보통,45.3,49.3,44.9,44.9,43.2,48.1,43,46.9,43.5,43.6,44.343
전국,임금근로자,약간 불만족,17.6,19.1,16.3,15,11.1,14,10.5,17,11.7,11.6,9.208
전국,임금근로자,매우 불만족,4.4,6.4,5,4.1,2.8,3.7,2.9,4.6,2.7,3.3,1.887
전국,고용주,계,100,100,100,100,100,100,100,100,100,100,100
전국,고용주,매우 만족,11.3,9.2,10.7,12.9,17.2,14.4,14.9,8.1,12.9,13.7,15.745
전국,고용주,약간 만족,30.4,26.3,32.7,26.7,33.8,28,29.6,29.4,34.7,35,33.261
전국,고용주,보통,43.5,48.1,40.8,46.9,39.3,46.4,45.1,48.2,39.5,40,39.502
전국,고용주,약간 불만족,11.7,11.3,12.7,10.9,7,8.4,7.7,11.1,10.4,9.1,10.04
전국,고용주,매우 불만족,3.2,5.1,3.1,2.6,2.6,2.8,2.8,3.2,2.4,2.3,1.452
전국,자영자,계,100,100,100,100,100,100,100,100,100,100,100
전국,자영자,매우 만족,5.6,3.9,6.3,7.8,9.2,6.9,10,4.5,8.4,9.2,10.253
전국,자영자,약간 만족,21.7,15.3,21,20.9,26.9,20.3,27.5,19.9,28.4,22.9,26.622
전국,자영자,보통,47,49.8,47.5,49.2,49.3,52.2,47.7,51.9,47.2,48.9,51.019
전국,자영자,약간 불만족,20.8,23.3,20,16.9,12.2,15.8,11.6,19.1,12.7,14.1,10.536
전국,자영자,매우 불만족,4.9,7.7,5.2,5.3,2.4,4.7,3.1,4.7,3.4,4.8,1.57
전국,50만원 미만,계,,,,,,,,,,,
전국,50만원 미만,매우 만족,,,,,,,,,,,
전국,50만원 미만,약간 만족,,,,,,,,,,,
전국,50만원 미만,보통,,,,,,,,,,,
전국,50만원 미만,약간 불만족,,,,,,,,,,,
전국,50만원 미만,매우 불만족,,,,,,,,,,,
전국,50~100만원 미만,계,,,,,,,,,,,
전국,50~100만원 미만,매우 만족,,,,,,,,,,,
전국,50~100만원 미만,약간 만족,,,,,,,,,,,
전국,50~100만원 미만,보통,,,,,,,,,,,
전국,50~100만원 미만,약간 불만족,,,,,,,,,,,
전국,50~100만원 미만,매우 불만족,,,,,,,,,,,
전국,100만원 미만,계,100,100,100,100,100,100,100,100,100,100,100
전국,100만원 미만,매우 만족,3.4,2.1,4,5,5.7,4.2,7.6,2.7,5.1,6.5,7.615
전국,100만원 미만,약간 만족,13.2,7.3,14.7,13.3,18.5,12.1,20.1,11.9,20.1,15.1,19.904
전국,100만원 미만,보통,44.2,41.9,41.1,44.6,47.4,49.8,46.3,45.7,44.8,45.9,49.688
전국,100만원 미만,약간 불만족,28.8,33.6,28.1,26.3,21.8,24.2,20.4,28.2,23.2,22.5,17.465
전국,100만원 미만,매우 불만족,10.4,15,12.1,10.8,6.6,9.7,5.5,11.5,6.8,10,5.327
전국,100∼200만원 미만,계,100,100,100,100,100,100,100,100,100,100,100
전국,100∼200만원 미만,매우 만족,4,2.9,5.3,6.1,8.6,5.7,7.9,3.7,7,8.9,8.39
전국,100∼200만원 미만,약간 만족,17,10.7,17.9,16.5,23.7,16.3,23.4,15.3,22.5,16.4,22.559
전국,100∼200만원 미만,보통,49.7,51,49,50,49.4,52.4,49.8,49.5,48.7,50,51.308
전국,100∼200만원 미만,약간 불만족,22.9,25.6,21.2,21.1,14.5,19.8,14.7,23.2,17.2,18.6,14.353
전국,100∼200만원 미만,매우 불만족,6.4,9.8,6.6,6.4,3.8,5.8,4.1,8.3,4.6,6.1,3.39
전국,200∼300만원 미만,계,100,100,100,100,100,100,100,100,100,100,100
전국,200∼300만원 미만,매우 만족,6.2,3.9,7.8,9.2,10.8,8.8,10.9,4.9,8.8,11.5,10.989
전국,200∼300만원 미만,약간 만족,23.2,16.5,23.4,22.1,27.9,20.9,27.1,19,25.4,21.6,25.796
전국,200∼300만원 미만,보통,48.8,53.6,48.1,49.3,48.1,52.7,47.5,51.5,48.9,49.4,49.663
전국,200∼300만원 미만,약간 불만족,17.9,19.3,16.1,15.5,10.9,13.8,11.7,19,13.9,13.7,11.329
전국,200∼300만원 미만,매우 불만족,4,6.6,4.7,3.9,2.4,3.7,2.8,5.6,2.9,3.7,2.223
전국,300∼400만원 미만,계,100,100,100,100,100,100,100,100,100,100,100
전국,300∼400만원 미만,매우 만족,8.4,6.3,11.2,10.6,13.1,10.5,12.1,6.6,10.5,13.1,12.56
전국,300∼400만원 미만,약간 만족,28.3,23.5,27,28,33.5,24.5,31.8,22.3,29.9,24.5,28.711
전국,300∼400만원 미만,보통,46.7,50.8,45.2,47,43,50.6,45.3,50.3,46,47.2,47.527
전국,300∼400만원 미만,약간 불만족,13.7,15.5,13.9,11.8,8.4,11.7,8.1,16.9,11.3,12.2,9.488
전국,300∼400만원 미만,매우 불만족,2.8,3.9,2.7,2.6,1.9,2.8,2.7,3.9,2.4,3,1.714
전국,400~500만원 미만,계,100,100,100,100,100,100,100,100,100,100,100
전국,400~500만원 미만,매우 만족,10,8.5,12.8,13.7,16.2,12.3,16.2,7.3,11.9,16.9,15.745
전국,400~500만원 미만,약간 만족,33.9,26.7,32.3,31.5,35,29.3,34.8,27.2,34.4,29.4,31.67
전국,400~500만원 미만,보통,41.9,48.8,41.3,43.8,39,46.8,40.1,49,41.9,42.3,42.831
전국,400~500만원 미만,약간 불만족,11.6,12.3,11.1,8.6,8.3,9.3,7,13.6,9.6,9.4,8.22
전국,400~500만원 미만,매우 불만족,2.5,3.7,2.5,2.4,1.4,2.2,1.9,2.9,2.2,1.9,1.533
전국,500∼600만원 미만,계,100,100,100,100,100,100,100,100,100,100,100
전국,500∼600만원 미만,매우 만족,13.3,10.1,15.9,18.6,17.8,14.7,20.1,10.8,15.4,18.3,19.445
전국,500∼600만원 미만,약간 만족,34.6,31,35.1,34.8,40.4,34,36.2,31.6,38.2,34.1,35.78
전국,500∼600만원 미만,보통,38.9,45.7,38.7,37,34.2,42,35.8,44.3,37.7,38.6,37.927
전국,500∼600만원 미만,약간 불만족,10.7,10.8,8.4,7.9,6.3,7.6,6.2,10.7,7.6,6.7,5.772
전국,500∼600만원 미만,매우 불만족,2.4,2.5,1.9,1.8,1.3,1.8,1.7,2.6,1.1,2.3,1.076
전국,600만원 이상,계,100,100,100,100,100,100,100,100,100,100,
전국,600만원 이상,매우 만족,18.4,17.1,21.3,23.6,24.1,21.2,23,14.8,20.2,24,
전국,600만원 이상,약간 만족,39.8,35,39.9,38.2,42.8,37.2,40.6,38.7,41.1,36,
전국,600만원 이상,보통,32.4,38.2,31.7,31.2,27.4,34.1,30,37.1,32.2,32.4,
전국,600만원 이상,약간 불만족,8,8.2,5.6,6,4.8,6.1,4.9,7.8,5.4,5.9,
전국,600만원 이상,매우 불만족,1.4,1.5,1.5,1,0.9,1.4,1.5,1.7,1.1,1.7,
전국,15~19세*남자,계,100,,,,,,,,,100,100
전국,15~19세*남자,매우 만족,11.2,,,,,,,,,32,35.204
전국,15~19세*남자,약간 만족,30.6,,,,,,,,,23.4,28.063
전국,15~19세*남자,보통,42.9,,,,,,,,,33,30.359
전국,15~19세*남자,약간 불만족,12.4,,,,,,,,,9,4.435
전국,15~19세*남자,매우 불만족,2.9,,,,,,,,,2.6,1.939
전국,15~19세*여자,계,100,,,,,,,,,100,100
전국,15~19세*여자,매우 만족,11.2,,,,,,,,,30.2,24.766
전국,15~19세*여자,약간 만족,28,,,,,,,,,29.2,32.883
전국,15~19세*여자,보통,44.4,,,,,,,,,32,35.781
전국,15~19세*여자,약간 불만족,13.3,,,,,,,,,6.8,6.132
전국,15~19세*여자,매우 불만족,3,,,,,,,,,1.8,0.438
전국,13~19세*남자,계,100,100,100,100,100,100,100,100,100,100,100
전국,13~19세*남자,매우 만족,11.2,13,18.7,19.1,22.6,22.5,26.4,18.7,23.3,34.5,36.869
전국,13~19세*남자,약간 만족,30.6,22.5,30.3,30.2,34.7,26.4,34.3,29.3,35.7,24.2,27.614
전국,13~19세*남자,보통,42.9,47.8,39.3,36.8,34.7,40.7,32.1,39.4,33,31.5,29.456
전국,13~19세*남자,약간 불만족,12.4,13.6,10.1,11,6.6,8.5,5.4,9.7,6.6,7.8,4.515
전국,13~19세*남자,매우 불만족,2.9,3.1,1.6,2.9,1.4,1.8,1.7,2.9,1.4,2,1.547
전국,13~19세*여자,계,100,100,100,100,100,100,100,100,100,100,100
전국,13~19세*여자,매우 만족,11.2,9.7,16.7,17.3,20,19.4,21.9,18.3,22.8,31.6,27.361
전국,13~19세*여자,약간 만족,28,22.7,29.8,29.3,36.4,30.5,37.2,30.1,34.9,28.3,32.75
전국,13~19세*여자,보통,44.4,47.9,40.8,40.2,35.3,40.8,34.2,39.1,32.3,32.2,33.814
전국,13~19세*여자,약간 불만족,13.3,15.2,11.2,10.6,6.7,7.9,5.4,10.4,8.9,6.4,5.659
전국,13~19세*여자,매우 불만족,3,4.5,1.6,2.6,1.6,1.3,1.2,2,1,1.5,0.416
전국,20∼29세*남자,계,100,100,100,100,100,100,100,100,100,100,100
전국,20∼29세*남자,매우 만족,7.7,6,12,11.8,14.2,12,15.4,6.2,12.9,21.7,16.182
전국,20∼29세*남자,약간 만족,23.4,17.7,23.3,25.6,30.7,24.2,29.6,22.4,31.6,22.4,32.053
전국,20∼29세*남자,보통,47.7,51.8,45.8,45.7,44,47.3,42.3,51.3,43.2,42.5,41.154
전국,20∼29세*남자,약간 불만족,17.1,17.9,14.4,13.8,8.8,12.4,9.4,15.7,9.9,9.6,8.887
전국,20∼29세*남자,매우 불만족,4.1,6.6,4.5,3.2,2.3,4.1,3.3,4.5,2.4,3.8,1.724
전국,20∼29세*여자,계,100,100,100,100,100,100,100,100,100,100,100
전국,20∼29세*여자,매우 만족,8.1,7.1,8.8,10,11.4,8.7,11.9,6.3,9.6,20.2,13.184
전국,20∼29세*여자,약간 만족,26.8,21.3,28,30.5,35.3,26.5,33.4,24.2,33.3,26.9,33.092
전국,20∼29세*여자,보통,45.2,51.4,44.5,44.6,41.3,49.3,40.2,46.8,43.3,40.7,43.183
전국,20∼29세*여자,약간 불만족,16.2,16,15,12.6,10.3,11.8,12.5,18.4,11.6,10.1,9.193
전국,20∼29세*여자,매우 불만족,3.7,4.2,3.6,2.4,1.7,3.7,2.1,4.3,2.3,2.1,1.347
전국,30∼39세*남자,계,100,100,100,100,100,100,100,100,100,100,100
전국,30∼39세*남자,매우 만족,6.3,4.4,8.6,11.6,13.2,10.5,14.4,5.3,12.3,15.6,16.435
전국,30∼39세*남자,약간 만족,25.2,18.7,25.2,26.1,30.7,23.9,32.1,25.2,30.2,28.7,29.41
전국,30∼39세*남자,보통,46.1,53.1,46.7,44.8,43.1,48.1,42.3,47.9,42.9,41.7,43.04
전국,30∼39세*남자,약간 불만족,18.1,17.5,14.1,13.3,10.1,13.4,8.3,16.8,11.8,11.5,8.795
전국,30∼39세*남자,매우 불만족,4.4,6.4,5.4,4.2,2.8,4.1,2.8,4.8,2.8,2.4,2.319
전국,30∼39세*여자,계,100,100,100,100,100,100,100,100,100,100,100
전국,30∼39세*여자,매우 만족,7.9,5.7,10.7,11.9,13.3,11.1,14.8,6.5,12.8,16.2,14.669
전국,30∼39세*여자,약간 만족,28.3,23.7,28.4,29.7,35,27.1,31.9,29.2,36,30.8,32.263
전국,30∼39세*여자,보통,43.3,49.3,43.6,44.3,39.3,47.7,41.3,45.7,39.2,40.5,42.658
전국,30∼39세*여자,약간 불만족,17,16.4,13.8,11.5,10.4,11.5,9.3,14.5,9.7,10,8.58
전국,30∼39세*여자,매우 불만족,3.6,4.9,3.6,2.7,2.1,2.6,2.7,4,2.3,2.5,1.83
전국,40∼49세*남자,계,100,100,100,100,100,100,100,100,100,100,100
전국,40∼49세*남자,매우 만족,8.4,5.8,8.4,11.4,12.4,10.6,13.4,7.4,11.6,13.5,13.706
전국,40∼49세*남자,약간 만족,23.8,20.4,24.9,24.4,29.8,25.9,28.7,25.4,31.1,28.2,29.315
전국,40∼49세*남자,보통,44.1,44.8,44.4,44.1,43.4,46,44.2,46.1,43.7,43.7,45.826
전국,40∼49세*남자,약간 불만족,17.5,20.2,16.1,15.1,11.1,13.2,10.6,16,10.8,10.9,8.825
전국,40∼49세*남자,매우 불만족,6.1,8.9,6.1,5.1,3.4,4.3,3.1,5.2,2.8,3.7,2.328
전국,40∼49세*여자,계,100,100,100,100,100,100,100,100,100,100,100
전국,40∼49세*여자,매우 만족,7,5,9.1,11.6,13.1,10.4,12.5,8,11.6,13.1,14.786
전국,40∼49세*여자,약간 만족,24.9,20.3,26.1,24.7,31.8,27,30.9,25.8,33,29,30.614
전국,40∼49세*여자,보통,44.9,46.2,42.9,43.7,41.7,43.6,43.1,45.8,42.3,44.3,42.134
전국,40∼49세*여자,약간 불만족,17.9,20.2,16.8,15.3,10.7,14.6,10.1,15.9,10.8,10.2,10.222
전국,40∼49세*여자,매우 불만족,5.3,8.4,5.1,4.7,2.8,4.4,3.5,4.4,2.4,3.4,2.244
전국,50∼59세*남자,계,100,100,100,100,100,100,100,100,100,100,100
전국,50∼59세*남자,매우 만족,6.9,5.5,7.5,8.5,11.7,9.4,12.1,5.8,9.5,10.5,12.728
전국,50∼59세*남자,약간 만족,20.4,16.9,21.8,19.7,26.9,20.2,27.4,21,27.9,24.6,27.151
전국,50∼59세*남자,보통,46,47.9,45.3,47.3,45.5,49.6,44.8,46.6,45.8,45.8,46.06
전국,50∼59세*남자,약간 불만족,20,21.2,17.8,18,12.6,15.5,11.7,18.3,12.7,13.1,11.016
전국,50∼59세*남자,매우 불만족,6.6,8.4,7.5,6.5,3.4,5.3,3.9,8.2,4,6,3.045
전국,50∼59세*여자,계,100,100,100,100,100,100,100,100,100,100,100
전국,50∼59세*여자,매우 만족,5.7,4.6,6.7,7.3,9.9,7.1,10.8,6,9.6,8.8,11.77
전국,50∼59세*여자,약간 만족,21.2,15.1,21,19.5,27.1,20.8,29.3,19.3,26.9,23.2,26.737
전국,50∼59세*여자,보통,47,48.2,45.5,49.2,46.5,51.9,44.3,47.7,45.5,48.5,46.758
전국,50∼59세*여자,약간 불만족,20.2,23.6,20.2,17.9,13.4,15.3,11.9,20.8,14.5,14.4,11.925
전국,50∼59세*여자,매우 불만족,5.9,8.5,6.7,6,3.1,4.8,3.7,6.3,3.4,5.1,2.81
전국,60세 이상*남자,계,100,100,100,100,100,100,100,100,100,100,100
전국,60세 이상*남자,매우 만족,6.4,4.3,6.1,6.9,9.5,7.4,8.8,4.7,7.3,7.8,10.004
전국,60세 이상*남자,약간 만족,20.7,12.6,20.3,18,25.7,18.2,26.1,18.3,24.9,21.4,25.678
전국,60세 이상*남자,보통,48.5,50.7,45,50.7,47.3,53,48.4,50.3,46.9,48.4,50.503
전국,60세 이상*남자,약간 불만족,19.5,24.3,22,19.1,14.2,17,13.5,20.5,16.5,17.4,11.439
전국,60세 이상*남자,매우 불만족,4.9,8,6.6,5.3,3.2,4.4,3.3,6.1,4.3,5.1,2.376
전국,60세 이상*여자,계,100,100,100,100,100,100,100,100,100,100,100
전국,60세 이상*여자,매우 만족,3.8,2.4,4.6,4.9,7.1,4.2,6.4,2.9,5.8,6.3,8.081
전국,60세 이상*여자,약간 만족,16.2,10.2,16.8,15.1,21.8,15.9,23.4,15.6,23.4,19,24.256
전국,60세 이상*여자,보통,47,47.6,44.5,49.3,49.5,54.1,51.4,52,49,50.1,51.065
전국,60세 이상*여자,약간 불만족,26,29.4,26.1,23.2,17.2,19.9,15.7,22.7,17.9,19.1,13.58
전국,60세 이상*여자,매우 불만족,6.9,10.4,7.9,7.6,4.4,5.9,3.1,6.8,3.8,5.5,3.018
전국,65세 이상*남자,계,100,100,100,100,100,100,100,100,100,100,100
전국,65세 이상*남자,매우 만족,6.2,4.3,5.9,6.3,9.4,6.6,8.4,4.2,6.7,6.8,9.943
전국,65세 이상*남자,약간 만족,19.7,11.5,20.1,17.9,26.1,18.6,26.4,18.2,25,20.3,26.775
전국,65세 이상*남자,보통,48.8,51,44.4,50.8,46.6,52.5,48.2,51.2,46.9,50.2,49.965
전국,65세 이상*남자,약간 불만족,20.1,25.5,22.5,19.4,14.6,17.8,13.9,20.3,17.4,17.9,11.061
전국,65세 이상*남자,매우 불만족,5.1,7.7,7.1,5.6,3.3,4.5,3.2,6.1,4.1,4.8,2.255
전국,65세 이상*여자,계,100,100,100,100,100,100,100,100,100,100,100
전국,65세 이상*여자,매우 만족,3.3,2.4,4.4,4.6,6.7,3.9,5.6,2.4,5.6,5.8,7.505
전국,65세 이상*여자,약간 만족,14.9,8.9,16.3,14.6,20.8,15.5,23,14.6,22.9,17.6,23.622
전국,65세 이상*여자,보통,47,46.5,42.9,48.4,49.4,53.2,50.9,52.5,48.3,50.3,51.563
전국,65세 이상*여자,약간 불만족,27.1,30.8,27.6,23.8,18.4,21.1,17.5,23.8,19.3,20.7,13.986
전국,65세 이상*여자,매우 불만족,7.8,11.5,8.9,8.7,4.8,6.3,3.1,6.6,3.8,5.6,3.325
전국,13~29세*중졸이하,계,100,100,100,100,100,100,100,100,100,100,100
전국,13~29세*중졸이하,매우 만족,11.6,10.6,18.2,18.6,22.7,22.3,25,20.9,24.4,34.7,32.597
전국,13~29세*중졸이하,약간 만족,28.8,22.5,30.6,30,34.7,28.3,35.7,29.5,34.8,25.2,28.415
전국,13~29세*중졸이하,보통,43.4,48.2,39.6,37.5,34.5,39.8,32.5,37.1,31.5,30.5,32.602
전국,13~29세*중졸이하,약간 불만족,12.8,14.9,10,10.8,6.7,7.8,5,9.8,7.9,7.6,5.181
전국,13~29세*중졸이하,매우 불만족,3.4,3.9,1.6,3.2,1.4,1.9,1.8,2.6,1.5,2,1.205
전국,13~29세*고졸,계,100,100,100,100,100,100,100,100,100,100,100
전국,13~29세*고졸,매우 만족,8,8.3,12.1,11.9,13.2,11.2,15.8,6.9,12.8,23.4,19.789
전국,13~29세*고졸,약간 만족,22.4,18.2,24.6,26,32.9,25.7,31.1,22.9,33.2,23.9,32.011
전국,13~29세*고졸,보통,48.2,50.4,43.5,45.4,42.7,47.6,40,50,41.9,40.6,39.384
전국,13~29세*고졸,약간 불만족,17.1,17,15.4,14.1,9.1,11.8,10.7,15.7,10.2,9.3,7.652
전국,13~29세*고졸,매우 불만족,4.3,6.1,4.4,2.7,2,3.7,2.3,4.5,1.9,2.7,1.164
전국,13~29세*대졸이상,계,100,100,100,100,100,100,100,100,100,100,100
전국,13~29세*대졸이상,매우 만족,8.1,6.3,9.4,11.2,13.1,10.6,12.6,6.3,11.3,19.6,12.311
전국,13~29세*대졸이상,약간 만족,30,21.9,27.9,30.9,34.8,25.7,32.9,25.5,32.6,26.7,33.981
전국,13~29세*대졸이상,보통,43.7,51.8,46.7,44.2,41,48.3,41.7,47.4,43.2,41.5,42.228
전국,13~29세*대졸이상,약간 불만족,15.3,15.8,13.3,11.4,9.1,11.9,10.3,17.1,10.5,9.3,9.747
전국,13~29세*대졸이상,매우 불만족,2.9,4,2.8,2.4,2,3.3,2.6,3.6,2.4,2.8,1.734
전국,15~29세*중졸이하,계,100,,,,,,,,,,100
전국,15~29세*중졸이하,매우 만족,11.6,,,,,,,,,,29.471
전국,15~29세*중졸이하,약간 만족,28.8,,,,,,,,,,28.029
전국,15~29세*중졸이하,보통,43.4,,,,,,,,,,35.34
전국,15~29세*중졸이하,약간 불만족,12.8,,,,,,,,,,5.542
전국,15~29세*중졸이하,매우 불만족,3.4,,,,,,,,,,1.619
전국,15~29세*고졸,계,100,,,,,,,,,,100
전국,15~29세*고졸,매우 만족,8,,,,,,,,,,19.789
전국,15~29세*고졸,약간 만족,22.4,,,,,,,,,,32.011
전국,15~29세*고졸,보통,48.2,,,,,,,,,,39.384
전국,15~29세*고졸,약간 불만족,17.1,,,,,,,,,,7.652
전국,15~29세*고졸,매우 불만족,4.3,,,,,,,,,,1.164
전국,15~29세*대졸이상,계,100,,,,,,,,,,100
전국,15~29세*대졸이상,매우 만족,8.1,,,,,,,,,,12.311
전국,15~29세*대졸이상,약간 만족,30,,,,,,,,,,33.981
전국,15~29세*대졸이상,보통,43.7,,,,,,,,,,42.228
전국,15~29세*대졸이상,약간 불만족,15.3,,,,,,,,,,9.747
전국,15~29세*대졸이상,매우 불만족,2.9,,,,,,,,,,1.734
전국,30∼39세*중졸이하,계,100,100,100,100,100,100,100,100,100,100,100
전국,30∼39세*중졸이하,매우 만족,3.9,0.5,1.8,2.4,3.9,6.5,12.5,5.3,4.1,5.9,16.783
전국,30∼39세*중졸이하,약간 만족,5.6,7.6,15.3,19.9,21.3,11.5,21,14.5,14.9,20,19.728
전국,30∼39세*중졸이하,보통,46.7,56.9,39.2,52.6,55.5,46.2,43.9,48,54.8,51.9,45.899
전국,30∼39세*중졸이하,약간 불만족,32.8,23.6,28.2,13,14.2,21.8,19.4,18.2,16.6,17.3,12.853
전국,30∼39세*중졸이하,매우 불만족,10.9,11.4,15.5,12,5,14.1,3.3,14,9.6,5,4.738
전국,30∼39세*고졸,계,100,100,100,100,100,100,100,100,100,100,100
전국,30∼39세*고졸,매우 만족,4.6,3.5,6.6,9,10.2,7.2,10,3.5,9.6,12.8,11.726
전국,30∼39세*고졸,약간 만족,20.2,15,21.3,18.2,23,17.7,24.5,16.7,23.3,20.4,20.999
전국,30∼39세*고졸,보통,49.2,53.5,49.5,52,49.4,53.3,49.1,54.1,50,48.9,53.318
전국,30∼39세*고졸,약간 불만족,20.9,20.2,17.1,16.1,13.7,16.7,12.4,20.1,13.3,14.3,11.349
전국,30∼39세*고졸,매우 불만족,5.2,7.8,5.6,4.7,3.7,5.1,4,5.7,3.8,3.6,2.607
전국,30∼39세*대졸이상,계,100,100,100,100,100,100,100,100,100,100,100
전국,30∼39세*대졸이상,매우 만족,8.9,6.2,11.6,13.4,15,12.6,16.9,6.9,14,17.5,17.136
전국,30∼39세*대졸이상,약간 만족,32,25.5,30.2,32.9,38,29.6,35.9,31.6,37.6,33.9,35.099
전국,30∼39세*대졸이상,보통,41.4,49.6,43,40.6,36.8,45.4,38.3,43.9,37,37.6,38.49
전국,30∼39세*대졸이상,약간 불만족,14.7,14.7,11.7,10.5,8.5,10.2,6.8,13.9,9.5,9.1,7.483
전국,30∼39세*대졸이상,매우 불만족,2.9,4.1,3.5,2.6,1.8,2.3,2.1,3.7,1.9,1.9,1.793
전국,40∼49세*중졸이하,계,100,100,100,100,100,100,100,100,100,100,100
전국,40∼49세*중졸이하,매우 만족,3.7,1.9,4.5,5.5,6.9,5.7,8.4,5.2,3.7,5.6,9.688
전국,40∼49세*중졸이하,약간 만족,14.5,9.2,15.9,12.6,20.1,14,17.8,12.7,18.6,19.8,19.691
전국,40∼49세*중졸이하,보통,47.9,45.1,44.7,47.4,49.3,49.9,51,44.7,51.4,49.7,49.97
전국,40∼49세*중졸이하,약간 불만족,24.1,30.4,24.6,26.3,18.4,23.1,15.3,24.4,20.8,19.3,20.268
전국,40∼49세*중졸이하,매우 불만족,9.9,13.4,10.4,8.1,5.3,7.4,7.5,13,5.5,5.5,0.383
전국,40∼49세*고졸,계,100,100,100,100,100,100,100,100,100,100,100
전국,40∼49세*고졸,매우 만족,5.3,3.4,6.6,9.2,10.3,8.2,10.4,5.1,8.3,8.9,9.925
전국,40∼49세*고졸,약간 만족,21.1,16,22.2,19.7,25.2,20.3,25.1,18.3,25.8,21.1,21.706
전국,40∼49세*고졸,보통,47.6,48.7,46.8,47.7,48.6,49.3,49,50.6,49.1,51.7,53.297
전국,40∼49세*고졸,약간 불만족,19.5,22.1,17.9,17.5,12.5,17.1,11.9,20,13.4,13.4,12.323
전국,40∼49세*고졸,매우 불만족,6.4,9.8,6.4,5.9,3.5,5.1,3.6,6,3.3,4.9,2.749
전국,40∼49세*대졸이상,계,100,100,100,100,100,100,100,100,100,100,100
전국,40∼49세*대졸이상,매우 만족,12,8.6,11.9,14.9,16,13.2,15.8,10,14.6,16.9,17.323
전국,40∼49세*대졸이상,약간 만족,31.5,28.3,31.2,31.7,37.9,33.7,35.3,32.5,37.6,34.6,35.931
전국,40∼49세*대졸이상,보통,39.5,41.6,39.9,39.3,35.6,40,37.9,42.3,37.8,38.1,37.55
전국,40∼49세*대졸이상,약간 불만족,13.3,15.3,13.2,10.9,8.2,9.8,8.4,12,8.2,8,7.126
전국,40∼49세*대졸이상,매우 불만족,3.6,6.2,3.7,3.3,2.3,3.3,2.6,3.2,1.8,2.5,2.07
전국,50∼59세*중졸이하,계,100,100,100,100,100,100,100,100,100,100,100
전국,50∼59세*중졸이하,매우 만족,3.3,2.8,3.8,4.9,6.7,3.6,6.9,2.6,5.3,5.6,5.959
전국,50∼59세*중졸이하,약간 만족,16.8,10.7,17.1,12.2,22.5,13.4,22.3,11.1,19.9,16,19.271
전국,50∼59세*중졸이하,보통,48.2,47.8,48,50.7,50.8,56.9,48.5,50.8,50.3,53,52.994
전국,50∼59세*중졸이하,약간 불만족,25.2,28,22.7,24.3,16.3,19.6,17.2,24.3,18.9,17.6,17.064
전국,50∼59세*중졸이하,매우 불만족,6.5,10.8,8.4,7.9,3.7,6.5,5.2,11.2,5.6,7.8,4.712
전국,50∼59세*고졸,계,100,100,100,100,100,100,100,100,100,100,100
전국,50∼59세*고졸,매우 만족,5.8,4.3,6.4,7,9.4,7.1,10.3,4,7.9,7.5,10.157
전국,50∼59세*고졸,약간 만족,21.1,14.8,20.7,18.8,25.1,19.6,26.5,16.9,24.8,20.5,23.94
전국,50∼59세*고졸,보통,46.9,50.9,46.4,51.5,49,52.6,47.4,50.1,49,51,50.294
전국,50∼59세*고졸,약간 불만족,18.9,22.2,20.1,16.7,13,15.8,11.8,22,14.6,14.8,12.412
전국,50∼59세*고졸,매우 불만족,7.3,7.8,6.4,6,3.5,4.9,3.9,7,3.8,6.2,3.196
전국,50∼59세*대졸이상,계,100,100,100,100,100,100,100,100,100,100,100
전국,50∼59세*대졸이상,매우 만족,13.5,10.2,13.7,14.4,18.2,15.3,17.3,11,14.7,15.3,17.917
전국,50∼59세*대졸이상,약간 만족,28.6,27.2,29.8,32.7,36,29.8,36.8,31.6,35.9,33.7,34.464
전국,50∼59세*대졸이상,보통,42.2,43.4,39.2,38.3,34.8,40.9,36.3,40.2,38,37.9,38.194
전국,50∼59세*대졸이상,약간 불만족,12,13.6,10.9,10.4,8.7,10.3,7.1,12.5,8.9,9.8,7.666
전국,50∼59세*대졸이상,매우 불만족,3.8,5.6,6.4,4.2,2.3,3.6,2.4,4.7,2.5,3.3,1.758
전국,60세 이상*중졸이하,계,100,100,100,100,100,100,100,100,100,100,100
전국,60세 이상*중졸이하,매우 만족,3.5,2.2,3.7,4.2,6,3.7,5,2.1,4.1,4.6,6.263
전국,60세 이상*중졸이하,약간 만족,15.6,8.6,16,13.8,20.4,14.3,22.8,13.3,21.7,16.2,22.018
전국,60세 이상*중졸이하,보통,48.1,47.6,43.7,49.4,50.8,55,51.5,52.1,49.2,51,53.393
전국,60세 이상*중졸이하,약간 불만족,25.8,31.1,28.3,24.8,18.6,21.2,17.7,24.9,20.4,21.9,14.88
전국,60세 이상*중졸이하,매우 불만족,7,10.5,8.3,7.7,4.3,5.9,3,7.6,4.6,6.4,3.446
전국,60세 이상*고졸,계,100,100,100,100,100,100,100,100,100,100,100
전국,60세 이상*고졸,매우 만족,6.5,3.7,6.7,6.6,10.3,6.3,8.1,4.3,6.7,7.9,9.946
전국,60세 이상*고졸,약간 만족,23.5,14.6,21.2,19,28.2,19.9,26.1,18.7,24.2,22.8,26.227
전국,60세 이상*고졸,보통,48.2,54,50,54.1,46.2,54.3,51,53.1,51.3,50.9,51.01
전국,60세 이상*고졸,약간 불만족,18.3,20,16.2,15.9,11.8,15.2,11.3,18.3,14.2,14.3,11.008
전국,60세 이상*고졸,매우 불만족,3.6,7.8,5.8,4.5,3.5,4.3,3.4,5.5,3.5,4.1,1.809
전국,60세 이상*대졸이상,계,100,100,100,100,100,100,100,100,100,100,100
전국,60세 이상*대졸이상,매우 만족,13.5,9.8,13.8,14.7,18.3,16.4,19.2,10.5,16.7,15.9,17.665
전국,60세 이상*대졸이상,약간 만족,28.1,24.4,30.1,28.3,33.6,27.3,31.1,29.6,34.6,32.2,33.742
전국,60세 이상*대졸이상,보통,43.2,48.9,41.7,44.8,38.7,43.5,40.4,43.6,36.6,38.6,40.186
전국,60세 이상*대졸이상,약간 불만족,12.1,13.1,10.8,9.1,7.2,9.4,5.7,12.8,9.3,10.3,6.741
전국,60세 이상*대졸이상,매우 불만족,3.2,3.9,3.6,3.1,2.2,3.4,3.7,3.5,2.8,3,1.666
전국,65세 이상*중졸이하,계,100,100,100,100,100,100,100,100,100,100,100
전국,65세 이상*중졸이하,매우 만족,3.4,2.2,3.5,4,6,3.5,5.1,2.1,4.3,4.3,6.242
전국,65세 이상*중졸이하,약간 만족,15,8.1,15.7,13.5,20.4,14.1,22.2,13.5,22.3,15.7,22.634
전국,65세 이상*중졸이하,보통,47.4,47.4,42.5,48.9,49.7,54.2,51.4,51.9,47.9,51.4,52.988
전국,65세 이상*중졸이하,약간 불만족,26.5,31.3,29.1,25.1,19.1,22.2,18.3,25.3,21.2,22.4,14.643
전국,65세 이상*중졸이하,매우 불만족,7.7,11,9.1,8.5,4.8,6.2,3,7.3,4.3,6.1,3.493
전국,65세 이상*고졸,계,100,100,100,100,100,100,100,100,100,100,100
전국,65세 이상*고졸,매우 만족,6,4.7,7.2,7.2,10.1,7,7.9,4,7.6,8,10.685
전국,65세 이상*고졸,약간 만족,22.2,13.4,23.2,21,28.4,21.3,27.6,18.9,23.2,22.6,26.511
전국,65세 이상*고졸,보통,50,52.1,48.6,52.7,46.4,52.6,48.8,54.2,51.1,51.4,50.183
전국,65세 이상*고졸,약간 불만족,18.3,22.1,15.4,14.5,12.4,15.1,12.3,17.5,14.6,14.4,10.838
전국,65세 이상*고졸,매우 불만족,3.4,7.7,5.5,4.6,2.8,4.1,3.5,5.4,3.4,3.6,1.783
전국,65세 이상*대졸이상,계,100,100,100,100,100,100,100,100,100,100,100
전국,65세 이상*대졸이상,매우 만족,12.4,10,14.2,12.6,18.1,13.7,16.5,8.9,14.3,15.1,17.756
전국,65세 이상*대졸이상,약간 만족,25.5,21.2,27.3,27.5,33.9,29.5,33.6,28,34.4,30.8,35.567
전국,65세 이상*대졸이상,보통,47.3,50.6,43.2,47.5,39.8,43.7,39.9,48.1,40,40.1,39.981
전국,65세 이상*대졸이상,약간 불만족,12.2,14.8,11.5,9.5,6.4,9.5,6.1,12.1,8.9,10.7,5.337
전국,65세 이상*대졸이상,매우 불만족,2.6,3.5,3.7,2.9,1.8,3.6,3.8,2.9,2.4,3.3,1.359
서울특별시,계,계,100,100,100,100,100,100,100,100,100,100,100
서울특별시,계,매우 만족,9.6,6.3,10.2,10.9,13.3,10.7,13,7.9,11.6,14.1,15.463
서울특별시,계,약간 만족,26,20.4,22.5,25,30.1,25.9,30.2,24.4,30.5,26.5,30.928
서울특별시,계,보통,43.7,48.8,44.3,44.6,42.3,45,42.1,42.2,41.9,42,40.373
서울특별시,계,약간 불만족,16.2,17.1,16.6,14.7,11.1,13.5,11,17.7,12.2,13,10.71
서울특별시,계,매우 불만족,4.6,7.4,6.4,4.9,3.2,4.9,3.7,7.7,3.8,4.4,2.526
서울특별시,남자,계,100,100,100,100,100,100,100,100,100,100,100
서울특별시,남자,매우 만족,9.4,6.2,10.5,11.7,14.5,12.5,13.9,7.9,12.1,14.3,17.462
서울특별시,남자,약간 만족,25.1,19.8,21.9,24.3,30.1,25,30.3,24.7,30.1,27.8,30.325
서울특별시,남자,보통,45.3,50,45.6,44.7,41,44.9,41.6,42.7,42.1,41.4,40.873
서울특별시,남자,약간 불만족,15.2,16.6,15.8,14.2,11.4,12.8,10.5,16.3,11.6,12.4,8.958
서울특별시,남자,매우 불만족,4.9,7.3,6.2,5.1,3,4.8,3.7,8.4,4.1,4,2.383
서울특별시,여자,계,100,100,100,100,100,100,100,100,100,100,100
서울특별시,여자,매우 만족,9.7,6.3,9.9,10,12.2,9,12.2,8,11.2,13.9,13.657
서울특별시,여자,약간 만족,26.8,21,23.1,25.6,30,26.7,30.1,24.2,30.9,25.3,31.473
서울특별시,여자,보통,42.1,47.6,43.1,44.5,43.5,45.1,42.6,41.7,41.8,42.5,39.921
서울특별시,여자,약간 불만족,17.1,17.6,17.4,15.1,10.8,14.3,11.5,19,12.6,13.6,12.294
서울특별시,여자,매우 불만족,4.3,7.5,6.5,4.8,3.4,5,3.6,7.1,3.5,4.7,2.655
부산광역시,계,계,100,100,100,100,100,100,100,100,100,100,100
부산광역시,계,매우 만족,5.7,6.4,8.4,8.9,10.8,8,11.6,5.2,10.8,9.9,13.536
부산광역시,계,약간 만족,22.3,16.3,25.7,22.2,32.5,21.5,31,23.4,30.2,23.9,26.56
부산광역시,계,보통,46.5,46,44.1,49.4,42.2,51,44.4,49.2,42.9,47.3,46.132
부산광역시,계,약간 불만족,19.5,22.8,17.1,15.2,11.4,15.7,10.5,17.6,12.7,15.5,11.257
부산광역시,계,매우 불만족,6.1,8.5,4.7,4.2,3,3.8,2.6,4.6,3.4,3.4,2.515
부산광역시,남자,계,100,100,100,100,100,100,100,100,100,100,100
부산광역시,남자,매우 만족,5,6.7,8.6,9.4,12.3,7.9,12.7,6.4,12,10.1,14.56
부산광역시,남자,약간 만족,22.1,16.2,26.8,21.3,30.6,20.3,32.7,23,30.1,23.7,25.351
부산광역시,남자,보통,47.5,46.3,43,49,42.9,52.8,41.5,49.4,42.6,46.5,47.527
부산광역시,남자,약간 불만족,19.4,21.7,15.9,15.8,10.6,14.8,9.9,16.2,12.1,16.2,10.702
부산광역시,남자,매우 불만족,5.9,9.1,5.7,4.4,3.7,4.2,3.1,5,3.2,3.5,1.86
부산광역시,여자,계,100,100,100,100,100,100,100,100,100,100,100
부산광역시,여자,매우 만족,6.3,6.1,8.2,8.5,9.5,8.1,10.5,4,9.7,9.6,12.57
부산광역시,여자,약간 만족,22.4,16.3,24.5,23.1,34.2,22.7,29.3,23.8,30.4,24.2,27.699
부산광역시,여자,보통,45.5,45.7,45.1,49.8,41.7,49.3,47,49.1,43.2,48.1,44.816
부산광역시,여자,약간 불만족,19.5,23.9,18.3,14.5,12.2,16.6,11,18.9,13.3,14.8,11.781
부산광역시,여자,매우 불만족,6.2,8,3.8,4.1,2.4,3.3,2.1,4.2,3.5,3.2,3.133
대구광역시,계,계,100,100,100,100,100,100,100,100,100,100,100
대구광역시,계,매우 만족,4.1,3.2,6.4,7.9,8.4,8.2,8.7,3.9,4.7,11.6,9.654
대구광역시,계,약간 만족,18,15.2,22.8,22.1,26.4,22.7,27.1,20.6,30.9,22.9,23.45
대구광역시,계,보통,51.8,50.9,48.6,50.3,48.2,51.8,48.4,50.5,49.1,47,51.09
대구광역시,계,약간 불만족,20.1,23.7,16.5,16,13.9,13.5,13.2,20.8,13.7,15.5,13.676
대구광역시,계,매우 불만족,6,7.1,5.7,3.7,3,3.8,2.5,4.3,1.6,3.1,2.129
대구광역시,남자,계,100,100,100,100,100,100,100,100,100,100,100
대구광역시,남자,매우 만족,4.8,3.4,7.1,8.6,8.7,9.2,8.1,4.5,4.8,12.7,9.866
대구광역시,남자,약간 만족,17.6,13.8,22.3,21.2,27.1,23.9,28.1,19.1,31.1,22.6,24.041
대구광역시,남자,보통,52.2,52.2,48.6,51.1,49.3,50.5,47.9,51.8,48.8,45.9,50.018
대구광역시,남자,약간 불만족,19.4,23.6,15.9,15.5,11.8,12.1,12.7,20,13.4,15.4,13.892
대구광역시,남자,매우 불만족,6,7,6.1,3.7,3.1,4.3,3.1,4.6,1.9,3.4,2.183
대구광역시,여자,계,100,100,100,100,100,100,100,100,100,100,100
대구광역시,여자,매우 만족,3.4,3,5.8,7.2,8.2,7.2,9.3,3.3,4.6,10.6,9.452
대구광역시,여자,약간 만족,18.4,16.4,23.3,22.9,25.9,21.4,26.1,22,30.7,23.2,22.883
대구광역시,여자,보통,51.4,49.6,48.6,49.6,47.3,53.2,48.9,49.2,49.5,48,52.118
대구광역시,여자,약간 불만족,20.8,23.9,17,16.6,15.9,14.9,13.7,21.6,13.9,15.5,13.469
대구광역시,여자,매우 불만족,5.9,7.1,5.4,3.7,2.8,3.3,2,3.9,1.4,2.7,2.078
인천광역시,계,계,100,100,100,100,100,100,100,100,100,100,100
인천광역시,계,매우 만족,5.7,5.1,8.9,9.5,13,10.2,11.2,7.4,12.3,17.1,14.556
인천광역시,계,약간 만족,19.2,16.6,20.4,23.2,29.6,21.1,27.7,20.3,27.7,26.5,27.78
인천광역시,계,보통,49.1,47,46.1,44.2,41.5,48.6,44.7,46.9,42.1,40.8,45.14
인천광역시,계,약간 불만족,19.3,22.9,17.1,17.9,12.3,14.9,13,19.7,14.9,11.9,9.527
인천광역시,계,매우 불만족,6.7,8.4,7.5,5.1,3.6,5.2,3.4,5.7,3,3.6,2.997
인천광역시,남자,계,100,100,100,100,100,100,100,100,100,100,100
인천광역시,남자,매우 만족,6.1,5.2,10.2,10.7,12.8,11.8,11.3,7.1,12.3,17.7,15.33
인천광역시,남자,약간 만족,19,16.4,19.4,21.9,29.4,21.3,26.2,20.2,27.4,24.8,27.435
인천광역시,남자,보통,49.4,47.8,46.4,44.7,43.7,47.6,46,46.3,43.1,41.5,45.69
인천광역시,남자,약간 불만족,18.5,21.4,17,16.9,10.4,14.4,12.9,20.2,13.9,12.2,8.759
인천광역시,남자,매우 불만족,7,9.2,7.1,5.8,3.7,4.9,3.6,6.1,3.3,3.7,2.786
인천광역시,여자,계,100,100,100,100,100,100,100,100,100,100,100
인천광역시,여자,매우 만족,5.2,5,7.6,8.4,13.2,8.6,11.1,7.7,12.3,16.6,13.789
인천광역시,여자,약간 만족,19.4,16.8,21.5,24.4,29.9,20.9,29.1,20.3,27.9,28.2,28.122
인천광역시,여자,보통,48.9,46.3,45.8,43.8,39.3,49.6,43.5,47.4,41.1,40.1,44.595
인천광역시,여자,약간 불만족,20,24.2,17.3,18.9,14.1,15.5,13.1,19.3,15.8,11.5,10.287
인천광역시,여자,매우 불만족,6.4,7.6,7.8,4.5,3.5,5.5,3.3,5.2,2.7,3.6,3.207
광주광역시,계,계,100,100,100,100,100,100,100,100,100,100,100
광주광역시,계,매우 만족,6.5,3.9,8.8,8.8,10.3,9.6,14.4,6.9,10.2,16.7,15.484
광주광역시,계,약간 만족,22.5,17.1,25.4,21.6,32.1,25.2,32.6,25.6,33.2,24.1,27.858
광주광역시,계,보통,43.7,51.3,44.4,47.9,43.4,46,42,47,40.6,43.7,46.355
광주광역시,계,약간 불만족,20.8,21.5,17,17.7,11.9,16,9,15.7,12.3,11.1,7.839
광주광역시,계,매우 불만족,6.4,6.2,4.4,4,2.4,3.3,2.1,4.8,3.8,4.5,2.464
광주광역시,남자,계,100,100,100,100,100,100,100,100,100,100,100
광주광역시,남자,매우 만족,6.9,3.9,9.2,9.7,11.9,11.1,15.7,8.2,11.8,18.3,17.539
광주광역시,남자,약간 만족,24.1,17.9,26.9,19.4,30.7,25.1,32.2,23.4,32.3,24.3,26.224
광주광역시,남자,보통,41.4,51.2,44.1,49.9,43.9,46.2,41.2,45.4,41,42.2,46.683
광주광역시,남자,약간 불만족,19.9,21,15.5,17.2,10.7,14.3,8.4,17.7,11.2,10.9,6.463
광주광역시,남자,매우 불만족,7.7,6,4.2,3.8,2.8,3.3,2.6,5.3,3.5,4.3,3.092
광주광역시,여자,계,100,100,100,100,100,100,100,100,100,100,100
광주광역시,여자,매우 만족,6.1,3.9,8.4,8,8.8,8.1,13.2,5.7,8.7,15.1,13.531
광주광역시,여자,약간 만족,21,16.4,23.9,23.7,33.4,25.3,33,27.6,33.9,23.8,29.412
광주광역시,여자,보통,46,51.4,44.7,45.9,42.9,45.8,42.7,48.6,40.1,45.1,46.044
광주광역시,여자,약간 불만족,21.7,22,18.4,18.2,13,17.6,9.5,13.8,13.2,11.4,9.147
광주광역시,여자,매우 불만족,5.2,6.4,4.5,4.1,2,3.2,1.5,4.3,4,4.7,1.867
대전광역시,계,계,100,100,100,100,100,100,100,100,100,100,100
대전광역시,계,매우 만족,8,6,10,10.5,13.6,11,14.3,7.5,12.7,16.6,14.535
대전광역시,계,약간 만족,26.4,18.4,24.4,27.8,35.8,25.5,30.3,23.7,31.1,25.5,26.823
대전광역시,계,보통,44,47.5,43.3,42.6,38.2,45.8,42,48.7,42.1,41.2,46.032
대전광역시,계,약간 불만족,16.6,21.5,16.7,14.4,9.3,13.1,9.7,14,11.1,13,10.779
대전광역시,계,매우 불만족,4.9,6.7,5.6,4.8,3.1,4.5,3.7,6.1,3,3.7,1.831
대전광역시,남자,계,100,100,100,100,100,100,100,100,100,100,100
대전광역시,남자,매우 만족,8.3,5.8,9.9,10.9,13.4,11.9,14.2,6.8,13.6,18.6,16.998
대전광역시,남자,약간 만족,26.6,17.3,24.6,27.6,36.9,24.8,28.9,26.4,30.5,24.5,26.79
대전광역시,남자,보통,44.9,49.2,43.5,42,36.8,44.6,44.2,47.6,43.2,39.3,44.04
대전광역시,남자,약간 불만족,14.9,20.6,16.3,14.5,9.6,13.6,9.3,12.6,10.3,14.9,9.758
대전광역시,남자,매우 불만족,5.3,7,5.7,5,3.3,5.1,3.4,6.6,2.4,2.8,2.414
대전광역시,여자,계,100,100,100,100,100,100,100,100,100,100,100
대전광역시,여자,매우 만족,7.7,6.1,10.2,10,13.7,10.2,14.5,8.1,11.9,14.6,12.094
대전광역시,여자,약간 만족,26.3,19.4,24.2,27.9,34.7,26.1,31.6,21.1,31.7,26.6,26.856
대전광역시,여자,보통,43.2,45.8,43,43.2,39.6,47,40,49.8,41,43.1,48.005
대전광역시,여자,약간 불만족,18.2,22.3,17.1,14.3,9.1,12.7,10,15.4,11.9,11.2,11.79
대전광역시,여자,매우 불만족,4.6,6.4,5.5,4.6,2.9,4,3.9,5.7,3.6,4.6,1.254
울산광역시,계,계,100,100,100,100,100,100,100,100,100,100,100
울산광역시,계,매우 만족,5.4,5.6,8.7,10.5,8.8,8.9,13.4,6.2,11.2,12.1,11.533
울산광역시,계,약간 만족,21.3,17.1,26.5,26.3,28.7,21.3,31.8,24.5,33.4,27.5,29.243
울산광역시,계,보통,48.4,51.8,46.5,45.9,49,54.3,42.5,49.8,42.3,46.3,48.399
울산광역시,계,약간 불만족,17.8,19.1,14.6,14.1,10.9,12.2,9.3,16,10.8,11,9.433
울산광역시,계,매우 불만족,7.1,6.4,3.7,3.2,2.5,3.2,3,3.5,2.3,3.1,1.392
울산광역시,남자,계,100,100,100,100,100,100,100,100,100,100,100
울산광역시,남자,매우 만족,5.5,5.6,9.6,11.6,8.9,9.9,15,6.5,11.9,12.1,11.568
울산광역시,남자,약간 만족,20.1,16.4,26.4,26.5,28,21,30.2,24.9,31.9,27,27.71
울산광역시,남자,보통,49.6,52.3,47.3,45.2,50.7,53.6,42.8,49,42.7,44.8,49.893
울산광역시,남자,약간 불만족,17.9,19.2,12.7,13.7,9.8,12.3,8.9,15.6,10.8,12.8,9.129
울산광역시,남자,매우 불만족,6.9,6.6,4,3.1,2.6,3.2,3.1,4.1,2.7,3.2,1.699
울산광역시,여자,계,100,100,100,100,100,100,100,100,100,100,100
울산광역시,여자,매우 만족,5.3,5.7,7.7,9.3,8.7,7.9,11.6,5.9,10.4,12,11.496
울산광역시,여자,약간 만족,22.5,17.8,26.5,26,29.5,21.6,33.7,24.1,35,28,30.894
울산광역시,여자,보통,47.1,51.3,45.7,46.8,47.3,55.1,42,50.7,41.9,47.9,46.789
울산광역시,여자,약간 불만족,17.8,19,16.6,14.6,12.1,12.1,9.7,16.4,10.8,9.1,9.759
울산광역시,여자,매우 불만족,7.4,6.2,3.4,3.4,2.4,3.2,3,2.9,1.9,3,1.062
세종특별자치시,계,계,,,,,,100,100,100,100,100,100
세종특별자치시,계,매우 만족,,,,,,15,21.9,12.2,17,19.6,25.168
세종특별자치시,계,약간 만족,,,,,,31.4,34.5,29.4,39.7,33.6,33.491
세종특별자치시,계,보통,,,,,,39.1,34.7,42.9,34,38.1,32.958
세종특별자치시,계,약간 불만족,,,,,,11.4,6.9,11.7,7.1,6.9,6.789
세종특별자치시,계,매우 불만족,,,,,,3.1,2.1,3.8,2.2,1.8,1.593
세종특별자치시,남자,계,,,,,,100,100,100,100,100,100
세종특별자치시,남자,매우 만족,,,,,,14.7,22,13.2,18.1,20.1,26.623
세종특별자치시,남자,약간 만족,,,,,,31.3,36,27.8,38.1,33.4,32.778
세종특별자치시,남자,보통,,,,,,39.3,33,43.8,33.4,37.8,32.569
세종특별자치시,남자,약간 불만족,,,,,,11.7,6.5,11.6,8.1,7.2,6.526
세종특별자치시,남자,매우 불만족,,,,,,3,2.5,3.6,2.2,1.6,1.504
세종특별자치시,여자,계,,,,,,100,100,100,100,100,100
세종특별자치시,여자,매우 만족,,,,,,15.2,21.7,11.1,15.9,19.2,23.737
세종특별자치시,여자,약간 만족,,,,,,31.5,32.8,31.1,41.2,33.7,34.193
세종특별자치시,여자,보통,,,,,,39,36.4,41.9,34.7,38.5,33.34
세종특별자치시,여자,약간 불만족,,,,,,11.1,7.2,11.9,6.1,6.6,7.048
세종특별자치시,여자,매우 불만족,,,,,,3.1,1.8,3.9,2.1,2.1,1.681
경기도,계,계,100,100,100,100,100,100,100,100,100,100,100
경기도,계,매우 만족,6.9,5.9,9.2,11.8,13.1,10.6,14.1,6.8,11.1,15.4,15.16
경기도,계,약간 만족,24.9,18.9,23.6,23,29.6,22.8,28.7,22.1,27.8,24.5,29.134
경기도,계,보통,44.6,48.4,43.4,44.5,43.5,47.8,42.7,46.8,44.3,42.7,43.319
경기도,계,약간 불만족,18.5,18.9,18.1,15.5,10.9,14.4,11,18.6,13.6,12.5,9.836
경기도,계,매우 불만족,5.1,8,5.7,5.3,3,4.4,3.5,5.7,3.1,4.8,2.552
경기도,남자,계,100,100,100,100,100,100,100,100,100,100,100
경기도,남자,매우 만족,7.3,6.6,9.5,11.7,13.6,10.8,15.4,6,11.2,15.6,15.802
경기도,남자,약간 만족,25.2,18.4,23,23.2,28.5,22.2,28.4,22.8,27.9,23.8,29.063
경기도,남자,보통,44,48.5,44.2,43.4,44.5,47.3,41.8,47.5,44.5,43,42.635
경기도,남자,약간 불만족,18.7,18.7,16.9,16.4,10.3,15.3,10.7,18.3,12.7,12.2,9.818
경기도,남자,매우 불만족,4.8,7.8,6.4,5.4,3,4.4,3.7,5.4,3.7,5.4,2.683
경기도,여자,계,100,100,100,100,100,100,100,100,100,100,100
경기도,여자,매우 만족,6.5,5.2,8.9,12,12.5,10.3,12.8,7.7,11.1,15.2,14.516
경기도,여자,약간 만족,24.5,19.4,24.3,22.8,30.8,23.5,28.9,21.3,27.7,25.3,29.205
경기도,여자,보통,45.3,48.2,42.6,45.5,42.4,48.3,43.6,46.1,44,42.5,44.005
경기도,여자,약간 불만족,18.2,19.1,19.2,14.6,11.4,13.5,11.3,18.9,14.5,12.8,9.854
경기도,여자,매우 불만족,5.4,8.1,5,5.2,2.9,4.4,3.3,6,2.6,4.3,2.42
강원도,계,계,100,100,100,100,100,100,100,100,100,100,100
강원도,계,매우 만족,6.5,5.6,12.1,12.2,13.7,10.2,13.3,9.3,12.2,13.6,13.868
강원도,계,약간 만족,23.4,15.8,24.8,24.1,27.5,23.5,32.4,20.9,30.1,23.8,31.901
강원도,계,보통,45.9,50.2,42.4,46,43.6,49,41.3,51.7,43.2,46.4,42.328
강원도,계,약간 불만족,20.3,20.7,15.4,13.2,13,14.1,11.2,14,11.5,12.8,9.355
강원도,계,매우 불만족,3.9,7.7,5.4,4.5,2.2,3.3,1.9,4.1,2.9,3.4,2.547
강원도,남자,계,100,100,100,100,100,100,100,100,100,100,100
강원도,남자,매우 만족,8,5.6,11.9,12.5,15.1,10.8,15.3,11.4,13.8,15.5,13.819
강원도,남자,약간 만족,24.3,18,25.3,25.3,27.8,22.8,34.1,20.8,30.7,24,33.114
강원도,남자,보통,46.2,50.4,43.9,45.9,43,51,39.5,50.8,42.6,45.5,42.208
강원도,남자,약간 불만족,17.7,18.1,14.4,12.2,12.2,12.7,9.8,13.1,10.1,11.9,8.387
강원도,남자,매우 불만족,3.9,7.9,4.6,4,1.9,2.7,1.4,3.9,2.8,3.2,2.472
강원도,여자,계,100,100,100,100,100,100,100,100,100,100,100
강원도,여자,매우 만족,5,5.7,12.2,11.8,12.3,9.6,11.4,7.2,10.6,11.7,13.917
강원도,여자,약간 만족,22.6,13.7,24.3,23,27.3,24.1,30.7,21,29.6,23.6,30.711
강원도,여자,보통,45.6,50,41,46.1,44.3,47.1,43,52.6,43.8,47.3,42.446
강원도,여자,약간 불만족,22.8,23.3,16.4,14.1,13.7,15.4,12.5,14.9,13,13.7,10.305
강원도,여자,매우 불만족,3.9,7.4,6.1,5,2.5,3.8,2.4,4.2,3.1,3.7,2.621
충청북도,계,계,100,100,100,100,100,100,100,100,100,100,100
충청북도,계,매우 만족,6.8,4.9,8.2,12.5,12.8,12.9,12,6.7,12.9,12.7,12.365
충청북도,계,약간 만족,19.6,16.5,24.5,23.9,26.5,24.2,29.7,21.9,30.6,24.6,28.059
충청북도,계,보통,47.2,49.3,43.2,41.4,43.6,44.5,42.3,50.7,43.1,48.2,46.785
충청북도,계,약간 불만족,22.2,22.3,18.4,17.2,14.4,13.9,12.7,16.7,11.3,11.3,10.39
충청북도,계,매우 불만족,4.2,7,5.7,5,2.7,4.5,3.3,4,2.1,3.1,2.401
충청북도,남자,계,100,100,100,100,100,100,100,100,100,100,100
충청북도,남자,매우 만족,6.8,4.7,9.1,14.1,13.9,13.4,11.7,7.5,14.2,14.5,13.111
충청북도,남자,약간 만족,19.8,16.1,24.2,25.5,24.9,24.5,29.6,20.7,29,24.2,27.799
충청북도,남자,보통,48.4,50.3,43.8,39.8,44.1,42.8,43,52,43.9,47.1,47.428
충청북도,남자,약간 불만족,20.9,23.1,17.2,15.7,14.3,14,12.2,16,11.2,10.8,9.928
충청북도,남자,매우 불만족,4.1,5.8,5.8,4.9,2.7,5.3,3.6,3.9,1.6,3.5,1.734
충청북도,여자,계,100,100,100,100,100,100,100,100,100,100,100
충청북도,여자,매우 만족,6.9,5.1,7.3,10.9,11.7,12.3,12.4,5.9,11.6,11,11.617
충청북도,여자,약간 만족,19.3,17,24.8,22.3,28.1,23.9,29.7,23,32.1,25,28.319
충청북도,여자,보통,46,48.3,42.7,43.1,43,46.2,41.6,49.5,42.3,49.3,46.142
충청북도,여자,약간 불만족,23.5,21.5,19.6,18.7,14.6,13.9,13.3,17.5,11.5,11.9,10.852
충청북도,여자,매우 불만족,4.4,8.1,5.7,5,2.6,3.8,3,4.1,2.6,2.8,3.069
충청남도,계,계,100,100,100,100,100,100,100,100,100,100,100
충청남도,계,매우 만족,7.2,5.6,8.6,9.3,15.6,11,15.3,6.1,10.6,15.4,12.14
충청남도,계,약간 만족,23.6,19.4,24.3,22.5,29.6,21.8,27.5,22.6,28.2,22.4,24.705
충청남도,계,보통,47.3,46.4,42.5,50.1,39.7,49.7,43.9,51,45.4,45.1,52.841
충청남도,계,약간 불만족,19,23.3,19.1,13.7,12.5,13.4,11,16.1,12.5,12.9,8.949
충청남도,계,매우 불만족,2.9,5.4,5.5,4.5,2.6,4.1,2.3,4.3,3.4,4.2,1.366
충청남도,남자,계,100,100,100,100,100,100,100,100,100,100,100
충청남도,남자,매우 만족,7.7,7,8.4,10.6,14.9,11.8,18,6.7,11.3,16.9,13.15
충청남도,남자,약간 만족,25,20.2,23.6,21.8,29.6,21.7,25.3,21.4,28.7,22.2,24.394
충청남도,남자,보통,46.9,45.9,44.7,49.1,41.2,49.1,44.8,51.8,43.9,44.1,50.965
충청남도,남자,약간 불만족,17.3,22.5,18.4,13.6,11.7,14.1,9.7,15.5,12.6,11.9,9.833
충청남도,남자,매우 불만족,3.1,4.4,5,4.9,2.7,3.3,2.2,4.6,3.6,5,1.658
충청남도,여자,계,100,100,100,100,100,100,100,100,100,100,100
충청남도,여자,매우 만족,6.6,4.1,8.7,7.9,16.3,10.2,12.6,5.4,9.9,13.9,11.091
충청남도,여자,약간 만족,22.2,18.7,25.1,23.1,29.7,22,29.8,23.8,27.7,22.6,25.027
충청남도,여자,보통,47.7,46.9,40.4,51,38.2,50.2,43.1,50.1,46.9,46.1,54.789
충청남도,여자,약간 불만족,20.7,24,19.7,13.9,13.3,12.6,12.2,16.7,12.4,14,8.03
충청남도,여자,매우 불만족,2.8,6.3,6.1,4.1,2.5,5,2.4,4.1,3.2,3.4,1.063
전라북도,계,계,100,100,100,100,100,100,100,100,100,100,100
전라북도,계,매우 만족,8.4,4.6,9.8,9,10.1,8.7,15.6,6.2,10,12.1,12.408
전라북도,계,약간 만족,23.4,18,28.3,23.8,27.5,20.1,28.5,22.3,30.9,23.9,28.685
전라북도,계,보통,43,47.9,41.6,44.7,45.9,50.5,43.8,51.7,48.3,50.7,46.63
전라북도,계,약간 불만족,20.4,22.7,16,17.2,14,15.9,9.7,17,9.4,11,10.29
전라북도,계,매우 불만족,4.8,6.7,4.3,5.3,2.6,4.8,2.4,2.6,1.5,2.3,1.987
전라북도,남자,계,100,100,100,100,100,100,100,100,100,100,100
전라북도,남자,매우 만족,9.1,5,11.3,9.9,11.3,9.2,18.5,7.2,11.3,13.5,13.856
전라북도,남자,약간 만족,23.7,17.7,29.1,24.5,29.3,19.1,27.9,23.2,30.4,23.9,27.893
전라북도,남자,보통,43.4,48.8,39.2,44.3,45.5,51.3,43.2,49.9,47.5,49.6,44.501
전라북도,남자,약간 불만족,19.9,20.7,16,16.9,11.7,15.4,8.4,16.2,9.4,10.9,11.379
전라북도,남자,매우 불만족,3.8,7.7,4.5,4.4,2.2,5,2.1,3.6,1.3,2.1,2.371
전라북도,여자,계,100,100,100,100,100,100,100,100,100,100,100
전라북도,여자,매우 만족,7.8,4.3,8.3,8.2,8.9,8.1,12.8,5.4,8.7,10.7,10.962
전라북도,여자,약간 만족,23,18.3,27.6,23.2,25.7,21.1,29.2,21.6,31.3,23.8,29.477
전라북도,여자,보통,42.6,47,43.9,45.1,46.3,49.7,44.4,53.4,49.1,51.8,48.755
전라북도,여자,약간 불만족,20.9,24.6,15.9,17.5,16.1,16.4,11,17.8,9.3,11.1,9.202
전라북도,여자,매우 불만족,5.7,5.7,4.2,6.1,2.9,4.7,2.6,1.8,1.6,2.6,1.605
전라남도,계,계,100,100,100,100,100,100,100,100,100,100,100
전라남도,계,매우 만족,8.6,5.4,10.3,10.9,10.6,10.3,12.7,9.2,13.3,12.3,14.247
전라남도,계,약간 만족,22.9,15.9,24.3,23.5,31,21.4,25.6,24.6,33.3,27.6,26.743
전라남도,계,보통,46.7,53.8,43.2,46,44.8,49.8,46.8,47.3,38.6,45.8,49.275
전라남도,계,약간 불만족,18,19.8,18.3,15.2,11.4,14.7,12.3,14.5,12.5,11.3,8.201
전라남도,계,매우 불만족,3.8,5.1,3.9,4.3,2.1,3.7,2.7,4.4,2.3,3.1,1.535
전라남도,남자,계,100,100,100,100,100,100,100,100,100,100,100
전라남도,남자,매우 만족,10.6,6.4,10.3,12.2,12.8,12.6,15.1,10.6,14.4,14.1,16.291
전라남도,남자,약간 만족,22.9,17.4,25.8,23.9,28.4,21.5,23.3,26.3,33.3,28,28.123
전라남도,남자,보통,45,51.8,42.4,46.2,46.3,48.9,47.9,46.2,37.8,45.3,46.888
전라남도,남자,약간 불만족,18.7,19.7,17.9,13.9,10.5,13.5,10,12.5,12.4,9.9,7.039
전라남도,남자,매우 불만족,2.9,4.8,3.6,3.7,2,3.6,3.6,4.4,2.1,2.7,1.659
전라남도,여자,계,100,100,100,100,100,100,100,100,100,100,100
전라남도,여자,매우 만족,6.7,4.5,10.2,9.7,8.5,8.2,10.4,7.9,12.2,10.5,12.178
전라남도,여자,약간 만족,23,14.5,22.9,23,33.5,21.4,27.7,23,33.3,27.3,25.345
전라남도,여자,보통,48.4,55.6,44,45.8,43.5,50.7,45.7,48.3,39.4,46.2,51.692
전라남도,여자,약간 불만족,17.3,19.9,18.7,16.5,12.3,15.9,14.4,16.3,12.6,12.6,9.377
전라남도,여자,매우 불만족,4.7,5.4,4.3,4.9,2.3,3.9,1.8,4.5,2.5,3.4,1.408
경상북도,계,계,100,100,100,100,100,100,100,100,100,100,100
경상북도,계,매우 만족,5.2,4.1,7.5,8,11.5,7.5,10.3,5.6,9.7,12.7,9.706
경상북도,계,약간 만족,19.5,17.1,26.2,24.4,27.8,21.5,31.5,21.5,30.5,25.1,24.65
경상북도,계,보통,50.3,50.2,46,46.5,47.1,53.6,47.1,49.6,45.6,44.2,52.544
경상북도,계,약간 불만족,19.4,21.8,16.8,17.5,11.7,14.3,9.4,19.9,12,13.5,11.355
경상북도,계,매우 불만족,5.5,6.8,3.4,3.7,1.9,3,1.8,3.4,2.2,4.5,1.745
경상북도,남자,계,100,100,100,100,100,100,100,100,100,100,100
경상북도,남자,매우 만족,5.9,5.2,7.7,8.9,12.1,8.9,11.1,6.7,9.9,15.1,10.923
경상북도,남자,약간 만족,19.6,17.7,25.7,25.4,28.4,23.2,29.7,22.2,29.7,24,24.447
경상북도,남자,보통,50.6,51.4,48.4,46,46.6,51.8,49.3,48.2,46.2,43.5,52.493
경상북도,남자,약간 불만족,17.9,18.9,14.4,16.2,11,13.1,8.2,18.9,12,12.2,9.949
경상북도,남자,매우 불만족,6,6.9,3.7,3.6,1.8,3,1.7,4,2.2,5.2,2.189
경상북도,여자,계,100,100,100,100,100,100,100,100,100,100,100
경상북도,여자,매우 만족,4.5,3.1,7.3,7.1,10.9,6.2,9.4,4.5,9.5,10.2,8.477
경상북도,여자,약간 만족,19.4,16.6,26.7,23.4,27.2,19.9,33.2,20.7,31.3,26.3,24.856
경상북도,여자,보통,50,49,43.6,47,47.6,55.3,45.1,51,44.9,44.8,52.595
경상북도,여자,약간 불만족,21,24.7,19.2,18.7,12.3,15.5,10.5,20.8,12.1,14.9,12.777
경상북도,여자,매우 불만족,5.1,6.7,3.2,3.8,2,3.1,1.8,2.9,2.2,3.8,1.296
경상남도,계,계,100,100,100,100,100,100,100,100,100,100,100
경상남도,계,매우 만족,6.1,5.4,9,9.9,13.2,10.5,10.7,6.1,11,13.1,14.615
경상남도,계,약간 만족,26.5,16,27.6,24.1,30.9,23,31,23.9,29.4,24.5,31.268
경상남도,계,보통,43.8,49.6,44.4,44.5,43.4,51.4,45.7,49.8,43.3,47.4,43.021
경상남도,계,약간 불만족,19.7,22.3,15.9,17.4,10.4,12.6,10.4,16,13.4,11.8,9.317
경상남도,계,매우 불만족,4,6.6,3.1,4.1,2.2,2.6,2.3,4.2,2.9,3.2,1.778
경상남도,남자,계,100,100,100,100,100,100,100,100,100,100,100
경상남도,남자,매우 만족,6.9,5.2,10.3,10.3,14.2,12.6,11.8,6.1,11.8,13.8,15.967
경상남도,남자,약간 만족,25.6,16.5,28.4,24.8,31.1,22.5,30.5,23.1,28.4,25.3,31.579
경상남도,남자,보통,44.3,50,42.8,46,42,50.3,46.6,50.2,43.4,46.2,41.857
경상남도,남자,약간 불만족,18.8,21.1,14.8,14.8,10.2,11.7,9.1,16.1,13.2,11.3,8.508
경상남도,남자,매우 불만족,4.5,7.1,3.7,4.1,2.5,2.9,2,4.5,3.1,3.3,2.088
경상남도,여자,계,100,100,100,100,100,100,100,100,100,100,100
경상남도,여자,매우 만족,5.3,5.6,7.7,9.4,12.1,8.4,9.6,6.2,10.2,12.5,13.2
경상남도,여자,약간 만족,27.3,15.5,26.8,23.5,30.6,23.4,31.5,24.8,30.4,23.6,30.942
경상남도,여자,보통,43.3,49.3,46,42.9,44.8,52.4,44.7,49.4,43.1,48.5,44.24
경상남도,여자,약간 불만족,20.6,23.5,16.9,20,10.6,13.5,11.6,15.8,13.6,12.4,10.163
경상남도,여자,매우 불만족,3.5,6.1,2.6,4.1,1.9,2.3,2.6,3.9,2.6,3,1.454
제주특별자치도,계,계,100,100,100,100,100,100,100,100,100,100,100
제주특별자치도,계,매우 만족,8.5,5.3,8.2,11.3,14.5,12.2,15.6,8,12,17.3,15.287
제주특별자치도,계,약간 만족,26,20.7,24.6,24,28.7,23.8,30.5,23.2,27,22.9,32.562
제주특별자치도,계,보통,44.9,49.6,50.2,46.5,44.1,48.1,41.2,53.3,50.3,43.2,41.535
제주특별자치도,계,약간 불만족,17.1,20.3,12.3,14.7,10.3,11.8,10.1,12.3,8.8,14,8.78
제주특별자치도,계,매우 불만족,3.4,4.1,4.6,3.5,2.4,4.1,2.6,3.2,2,2.6,1.836
제주특별자치도,남자,계,100,100,100,100,100,100,100,100,100,100,100
제주특별자치도,남자,매우 만족,10.2,5.8,7.9,13.9,16.3,14.3,17.1,8.8,12,19.3,16.556
제주특별자치도,남자,약간 만족,26.5,21.3,24.6,22.8,27.8,23.5,29.8,23.2,27,21.7,32.232
제주특별자치도,남자,보통,45.9,47.4,49.5,47.1,43.7,46.1,40.3,52.1,50,43.4,41.792
제주특별자치도,남자,약간 불만족,14.5,20.9,13,13.2,9.2,12.2,10.8,11.8,8.4,12.8,7.98
제주특별자치도,남자,매우 불만족,2.9,4.6,5,2.9,3,3.9,2,4.1,2.5,2.7,1.44
제주특별자치도,여자,계,100,100,100,100,100,100,100,100,100,100,100
제주특별자치도,여자,매우 만족,7,4.8,8.5,8.7,12.8,10.1,14,7.2,11.9,15.3,14.007
제주특별자치도,여자,약간 만족,25.6,20.1,24.6,25.2,29.6,24.1,31.2,23.2,26.9,24,32.895
제주특별자치도,여자,보통,43.9,51.7,50.9,45.9,44.4,50.1,42.1,54.5,50.5,42.9,41.276
제주특별자치도,여자,약간 불만족,19.6,19.8,11.7,16.2,11.3,11.4,9.5,12.7,9.2,15.3,9.587
제주특별자치도,여자,매우 불만족,3.9,3.6,4.2,4,1.8,4.3,3.3,2.4,1.6,2.5,2.235
